{
    "packet_model": {
        "emission_probability": {
            "m0s0": {
                "+": [
                    0.04193190263457291, 
                    0.08319787264899085, 
                    2.281743562492073, 
                    0.0
                ], 
                "-": [
                    0.9580680973654271, 
                    2.249655891814812, 
                    1.9268353229707753, 
                    0.0
                ]
            }, 
            "m0s1": {
                "+": [
                    0.9992082381332374, 
                    9.697225642979543, 
                    4.4515881489665645, 
                    0.0
                ], 
                "-": [
                    0.0007917618667625522, 
                    0.6710456844062873, 
                    0.4932656143312499, 
                    0.0
                ]
            }, 
            "m0s2": {
                "+": [
                    0.014431094109466103, 
                    0.8947950983866104, 
                    0.07852721488760049, 
                    0.0
                ], 
                "-": [
                    0.9855689058905339, 
                    0.6713412386416968, 
                    0.038699850884952494, 
                    0.0
                ]
            }, 
            "m0s3": {
                "+": [
                    0.03755303222174721, 
                    15.596096839472398, 
                    7.269441566670164, 
                    0.0
                ], 
                "-": [
                    0.9624469677782528, 
                    10.512204094997315, 
                    5.701181171699153, 
                    0.0
                ]
            }, 
            "m0s4": {
                "+": [
                    0.007226957799645514, 
                    0.11141815153893757, 
                    0.18588668114935877, 
                    0.0
                ], 
                "-": [
                    0.9927730422003544, 
                    1.818617430119182, 
                    1.268271435372897, 
                    0.0
                ]
            }, 
            "m0s5": {
                "+": [
                    0.9778483066986617, 
                    3.4228363985156536, 
                    3.8042326812946228, 
                    0.0
                ], 
                "-": [
                    0.022151693301338305, 
                    10.41921209488442, 
                    1.2883695463029778, 
                    0.0
                ]
            }, 
            "m0s6": {
                "+": [
                    0.08602376007843494, 
                    0.5624999999346394, 
                    0.1991065824469272, 
                    0.0
                ], 
                "-": [
                    0.9139762399215651, 
                    1.4074698501952332, 
                    0.6369891099022124, 
                    0.0
                ]
            }, 
            "m0s7": {
                "+": [
                    5.743715596808298e-05, 
                    0.29860979059423676, 
                    0.04299357497739492, 
                    0.0
                ], 
                "-": [
                    0.9999425628440319, 
                    8.920759303934812, 
                    5.85186719559367, 
                    0.0
                ]
            }, 
            "m0sEnd": {
                "F": [
                    1.0
                ]
            }, 
            "m1s0": {
                "+": [
                    0.9450458578700739, 
                    12.473906701647389, 
                    3.0308877364860134, 
                    0.0
                ], 
                "-": [
                    0.05495414212992607, 
                    5.904030879041004, 
                    4.3091779464960664, 
                    0.0
                ]
            }, 
            "m1s1": {
                "+": [
                    0.04162462710758408, 
                    8.070534349682466, 
                    4.9901028490135655, 
                    0.0
                ], 
                "-": [
                    0.9583753728924159, 
                    11.323585035675348, 
                    2.9763575496673464, 
                    0.0
                ]
            }, 
            "m1s2": {
                "+": [
                    0.5, 
                    0.30391027486765393, 
                    0.05710709779328583, 
                    0.0
                ], 
                "-": [
                    0.5, 
                    140.30440908337476, 
                    0.05710709779328583, 
                    0.0
                ]
            }, 
            "m1s3": {
                "+": [
                    0.8874574207643569, 
                    2.3594257634624247, 
                    0.17173061710869333, 
                    0.0
                ], 
                "-": [
                    0.11254257923564313, 
                    3.4379740327646093, 
                    0.01, 
                    0.0
                ]
            }, 
            "m1s4": {
                "+": [
                    0.9669279974691847, 
                    11.87353054470314, 
                    0.7698297934665249, 
                    0.0
                ], 
                "-": [
                    0.0330720025308154, 
                    1.8136687632594481, 
                    1.6382014197679011, 
                    0.0
                ]
            }, 
            "m1s5": {
                "+": [
                    9.520877835508376e-06, 
                    0.2996970036642117, 
                    0.7202316732814589, 
                    0.0
                ], 
                "-": [
                    0.9999904791221645, 
                    1.236260885100788, 
                    0.4805494765426228, 
                    0.0
                ]
            }, 
            "m1s6": {
                "+": [
                    0.04192198783333127, 
                    11.467028638011339, 
                    1.001938109729239, 
                    0.0
                ], 
                "-": [
                    0.9580780121666688, 
                    6.827067500203794, 
                    3.2509380740047904, 
                    0.0
                ]
            }, 
            "m1s7": {
                "+": [
                    0.027957758885897445, 
                    1.0351395582843865, 
                    1.1609690955053509, 
                    0.0
                ], 
                "-": [
                    0.9720422411141025, 
                    1.1940397484740441, 
                    0.46576841498370847, 
                    0.0
                ]
            }, 
            "m1sEnd": {
                "F": [
                    1.0
                ]
            }, 
            "m2s0": {
                "+": [
                    1.6583545523582182e-05, 
                    2.2302993165659593, 
                    1.7770557086378445, 
                    0.0
                ], 
                "-": [
                    0.9999834164544764, 
                    1.119453771308083, 
                    0.4701752981047652, 
                    0.0
                ]
            }, 
            "m2s1": {
                "+": [
                    0.00031998032435609367, 
                    0.18312216830520447, 
                    0.15177193918026596, 
                    0.0
                ], 
                "-": [
                    0.9996800196756439, 
                    1.7278042981823325, 
                    1.7486694457049763, 
                    0.0
                ]
            }, 
            "m2s2": {
                "+": [
                    0.9994801247535219, 
                    1.3551799937141524, 
                    1.015710954147737, 
                    0.0
                ],