{
  "0": {
    "0": 0.0, 
    "1": 0.3936210448883406, 
    "2": 0.43720612311988777, 
    "3": 0.5186838916031147, 
    "4": 0.555635481459541, 
    "5": 0.4626605344330559, 
    "6": 0.4383425175791782, 
    "7": 0.4230646629495696, 
    "8": 0.3927613170197692, 
    "9": 0.3935118972058844, 
    "10": 0.41442919342466583, 
    "11": 0.40104807814366483, 
    "12": 0.4286702535676428, 
    "13": 0.5160159576949659, 
    "14": 0.6239912247867226
  }, 
  "1": {
    "0": 0.6063789551116594, 
    "1": 0.0, 
    "2": 0.4075327090433086, 
    "3": 0.5417591872295041, 
    "4": 0.5304868138532929, 
    "5": 0.3725800624290025, 
    "6": 0.35660782890504045, 
    "7": 0.34101945671361317, 
    "8": 0.2721876298569905, 
    "9": 0.2535294519723073, 
    "10": 0.2619468431257032, 
    "11": 0.2526289293436926, 
    "12": 0.2963980179822434, 
    "13": 0.4082602879285484, 
    "14": 0.5776108375185937
  }, 
  "2": {
    "0": 0.5627938768801122, 
    "1": 0.5924672909566914, 
    "2": 0.0, 
    "3": 0.6088275086878734, 
    "4": 0.5566123857665346, 
    "5": 0.3877470334289189, 
    "6": 0.3777724976049353, 
    "7": 0.3592861784966046, 
    "8": 0.2785331679843591, 
    "9": 0.2564078694828071, 
    "10": 0.27401796922382543, 
    "11": 0.2638555171115574, 
    "12": 0.3188900353373759, 
    "13": 0.46396097590613733, 
    "14": 0.6732869184441139
  }, 
  "3": {
    "0": 0.48131610839688527, 
    "1": 0.45824081277049583, 
    "2": 0.39117249131212656, 
    "3": 0.0, 
    "4": 0.5145618848915087, 
    "5": 0.3838467939766971, 
    "6": 0.3962351644321771, 
    "7": 0.3756398864256521, 
    "8": 0.306508391677435, 
    "9": 0.2806618732823616, 
    "10": 0.28719489371120566, 
    "11": 0.29433224077154174, 
    "12": 0.32015879577340245, 
    "13": 0.41379470470995033, 
    "14": 0.6603998971451263
  }, 
  "4": {
    "0": 0.44436451854045894, 
    "1": 0.46951318614670706, 
    "2": 0.4433876142334654, 
    "3": 0.4854381151084913, 
    "4": 0.0, 
    "5": 0.30604380879843157, 
    "6": 0.3492050989110186, 
    "7": 0.3392047408719012, 
    "8": 0.28812709737687525, 
    "9": 0.27645068228151204, 
    "10": 0.2997703124813521, 
    "11": 0.3001880247849867, 
    "12": 0.3318191533568337, 
    "13": 0.43141261621353016, 
    "14": 0.6259814882926633
  }, 
  "5": {
    "0": 0.5373394655669441, 
    "1": 0.6274199375709976, 
    "2": 0.6122529665710811, 
    "3": 0.6161532060233029, 
    "4": 0.6939561912015684, 
    "5": 0.0, 
    "6": 0.38895503571168955, 
    "7": 0.40476973202399513, 
    "8": 0.34830956713070704, 
    "9": 0.3526446613655178, 
    "10": 0.4601544776046532, 
    "11": 0.41998487555970737, 
    "12": 0.45422035897218904, 
    "13": 0.636494167759771, 
    "14": 0.7407961705003976
  }, 
  "6": {
    "0": 0.5616574824208218, 
    "1": 0.6433921710949596, 
    "2": 0.6222275023950647, 
    "3": 0.6037648355678229, 
    "4": 0.6507949010889814, 
    "5": 0.6110449642883105, 
    "6": 0.0, 
    "7": 0.4134818002206823, 
    "8": 0.34140527098678836, 
    "9": 0.37794565834171473, 
    "10": 0.453854725085631, 
    "11": 0.436037830630138, 
    "12": 0.5117559431781071, 
    "13": 0.6608631780637028, 
    "14": 0.7295144664077935
  }, 
  "7": {
    "0": 0.5769353370504303, 
    "1": 0.6589805432863868, 
    "2": 0.6407138215033954, 
    "3": 0.624360113574348, 
    "4": 0.6607952591280988, 
    "5": 0.5952302679760049, 
    "6": 0.5865181997793177, 
    "7": 0.0, 
    "8": 0.29014079617050037, 
    "9": 0.3787066542112453, 
    "10": 0.4616669216339169, 
    "11": 0.46768892259519773, 
    "12": 0.5434654063689734, 
    "13": 0.7046580889173873, 
    "14": 0.7469112616322027
  }, 
  "8": {
    "0": 0.6072386829802309, 
    "1": 0.7278123701430095, 
    "2": 0.7214668320156409, 
    "3": 0.6934916083225651, 
    "4": 0.7118729026231247, 
    "5": 0.651690432869293, 
    "6": 0.6585947290132116, 
    "7": 0.7098592038294996, 
    "8": 0.0, 
    "9": 0.49448001327999636, 
    "10": 0.560482463135533, 
    "11": 0.5948952301594793, 
    "12": 0.6668443842649403, 
    "13": 0.7778723145709986, 
    "14": 0.7977419666329242
  }, 
  "9": {
    "0": 0.6064881027941156, 
    "1": 0.7464705480276927, 
    "2": 0.743592130517193, 
    "3": 0.7193381267176384, 
    "4": 0.723549317718488, 
    "5": 0.6473553386344822, 
    "6": 0.6220543416582853, 
    "7": 0.6212933457887547, 
    "8": 0.5055199867200036, 
    "9": 0.0, 
    "10": 0.5848187074353876, 
    "11": 0.6079742906214366, 
    "12": 0.6847539349041486, 
    "13": 0.8063915407291196, 
    "14": 0.8119598084816212
  }, 
  "10": {
    "0": 0.5855708065753341, 
    "1": 0.7380531568742968, 
    "2": 0.7259820307761745, 
    "3": 0.7128051062887943, 
    "4": 0.7002296875186479, 
    "5": 0.5398455223953468, 
    "6": 0.5461452749143689, 
    "7": 0.538333078366083, 
    "8": 0.439517536864467, 
    "9": 0.4151812925646125, 
    "10": 0.0, 
    "11": 0.5390493735942896, 
    "12": 0.5613784289026535, 
    "13": 0.7730426923673654, 
    "14": 0.810283534431971
  }, 
  "11": {
    "0": 0.5989519218563352, 
    "1": 0.7473710706563074, 
    "2": 0.7361444828884426, 
    "3": 0.7056677592284583, 
    "4": 0.6998119752150134, 
    "5": 0.5800151244402927, 
    "6": 0.563962169369862, 
    "7": 0.5323110774048023, 
    "8": 0.4051047698405207, 
    "9": 0.39202570937856346, 
    "10": 0.4609506264057104, 
    "11": 0.0, 
    "12": 0.7045984157311539, 
    "13": 0.7804495452360726, 
    "14": 0.8056134023806346
  }, 
  "12": {
    "0": 0.5713297464323572, 
    "1": 0.7036019820177566, 
    "2": 0.6811099646626241, 
    "3": 0.6798412042265976, 
    "4": 0.6681808466431662, 
    "5": 0.545779641027811, 
    "6": 0.4882440568218929, 
    "7": 0.4565345936310266, 
    "8": 0.33315561573505975, 
    "9": 0.3152460650958514, 
    "10": 0.4386215710973465, 
    "11": 0.29540158426884616, 
    "12": 0.0, 
    "13": 0.8394190218588305, 
    "14": 0.8001592731588923
  }, 
  "13": {
    "0": 0.4839840423050341, 
    "1": 0.5917397120714516, 
    "2": 0.5360390240938626, 
    "3": 0.5862052952900496, 
    "4": 0.5685873837864698, 
    "5": 0.36350583224022903, 
    "6": 0.33913682193629724, 
    "7": 0.29534191108261265, 
    "8": 0.22212768542900138, 
    "9": 0.19360845927088047, 
    "10": 0.2269573076326345, 
    "11": 0.21955045476392746, 
    "12": 0.1605809781411694, 
    "13": 0.0, 
    "14": 0.7971152896807702
  }, 
  "14": {
    "0": 0.3760087752132774, 
    "1": 0.4223891624814064, 
    "2": 0.32671308155588613, 
    "3": 0.33960010285487374, 
    "4": 0.37401851170733663, 
    "5": 0.25920382949960236, 
    "6": 0.27048553359220645, 
    "7": 0.25308873836779733, 
    "8": 0.20225803336707582, 
    "9": 0.1880401915183788, 
    "10": 0.18971646556802907, 
    "11": 0.19438659761936536, 
    "12": 0.19984072684110765, 
    "13": 0.20288471031922986, 
    "14": 0.0
  }
}