{
    "packet_model": {
        "emission_probability": {
            "m0s0": {
                "+": [
                    0.0005571788322481846, 
                    1.071808388423511, 
                    0.06267191533888142, 
                    0.0
                ], 
                "-": [
                    0.9994428211677518, 
                    1.2512426397882468, 
                    0.798061370982133, 
                    0.0
                ]
            }, 
            "m0s1": {
                "+": [
                    0.999078601225504, 
                    9.57327710889972, 
                    4.262553098390068, 
                    0.0
                ], 
                "-": [
                    0.0009213987744960059, 
                    0.7206833723552124, 
                    0.5500343362536765, 
                    0.0
                ]
            }, 
            "m0s2": {
                "+": [
                    0.808915418086765, 
                    3.0160184773531835, 
                    0.010535368866309378, 
                    0.0
                ], 
                "-": [
                    0.19108458191323496, 
                    0.4286457269772284, 
                    0.8708759761029213, 
                    0.0
                ]
            }, 
            "m0s3": {
                "+": [
                    0.20282838328885033, 
                    8.649887049311012, 
                    4.24196117187997, 
                    0.0
                ], 
                "-": [
                    0.7971716167111498, 
                    9.429627693495263, 
                    5.6003144595564125, 
                    0.0
                ]
            }, 
            "m0s4": {
                "+": [
                    0.000966163203299742, 
                    0.20455306630586076, 
                    0.011374114696479365, 
                    0.0
                ], 
                "-": [
                    0.9990338367967002, 
                    1.247426946579317, 
                    0.6174824560032799, 
                    0.0
                ]
            }, 
            "m0s5": {
                "+": [
                    0.9970172634833014, 
                    2.361519892975548, 
                    2.958257345741516, 
                    0.0
                ], 
                "-": [
                    0.0029827365166986536, 
                    10.916475704982322, 
                    3.8799874101002465, 
                    0.0
                ]
            }, 
            "m0s6": {
                "+": [
                    0.0025130889468845774, 
                    0.4679711090222279, 
                    1.0010089859025113, 
                    0.0
                ], 
                "-": [
                    0.9974869110531155, 
                    1.1380900569802992, 
                    0.36754788029129715, 
                    0.0
                ]
            }, 
            "m0s7": {
                "+": [
                    0.0010569555497499542, 
                    2.969893517783639, 
                    1.2263657941740074, 
                    0.0
                ], 
                "-": [
                    0.9989430444502501, 
                    8.703609356088656, 
                    4.318453716378883, 
                    0.0
                ]
            }, 
            "m0sEnd": {
                "F": [
                    1.0
                ]
            }, 
            "m1s0": {
                "+": [
                    0.9405882413309837, 
                    12.019570507912, 
                    4.211140724458581, 
                    0.0
                ], 
                "-": [
                    0.05941175866901627, 
                    7.358988218911722, 
                    4.765750890633836, 
                    0.0
                ]
            }, 
            "m1s1": {
                "+": [
                    0.1485300672326632, 
                    5.9348417617535745, 
                    5.324048465731949, 
                    0.0
                ], 
                "-": [
                    0.8514699327673367, 
                    12.19309707058806, 
                    2.537102651400772, 
                    0.0
                ]
            }, 
            "m1s2": {
                "+": [
                    0.8151609726668809, 
                    0.2717502178904154, 
                    2.8350373372284166, 
                    0.0
                ], 
                "-": [
                    0.18483902733311905, 
                    1.0961281959638653, 
                    0.010368024201510045, 
                    0.0
                ]
            }, 
            "m1s3": {
                "+": [
                    0.9374207042385735, 
                    4.465881692002094, 
                    4.734168735879139, 
                    0.0
                ], 
                "-": [
                    0.06257929576142654, 
                    1.2058819660769422, 
                    0.01, 
                    0.0
                ]
            }, 
            "m1s4": {
                "+": [
                    0.9643014697856711, 
                    12.099699936396444, 
                    0.9747840157713814, 
                    0.0
                ], 
                "-": [
                    0.035698530214328894, 
                    12.31002564133231, 
                    0.37271740376887863, 
                    0.0
                ]
            }, 
            "m1s5": {
                "+": [
                    2.1845450566874834e-05, 
                    0.3032827363106103, 
                    0.0155486849475114, 
                    0.0
                ], 
                "-": [
                    0.9999781545494332, 
                    1.467780553433163, 
                    0.5094252301854723, 
                    0.0
                ]
            }, 
            "m1s6": {
                "+": [
                    0.06842213423959176, 
                    12.707608784363702, 
                    0.18251316961138964, 
                    0.0
                ], 
                "-": [
                    0.9315778657604084, 
                    8.715543032221996, 
                    2.895151909352742, 
                    0.0
                ]
            }, 
            "m1s7": {
                "+": [
                    0.01282517218964245, 
                    0.46323607671980616, 
                    2.5509833578852863, 
                    0.0
                ], 
                "-": [
                    0.9871748278103576, 
                    1.281132103112807, 
                    0.5730384797716267, 
                    0.0
                ]
            }, 
            "m1sEnd": {
                "F": [
                    1.0
                ]
            }, 
            "m2s0": {
                "+": [
                    0.6252699047588527, 
                    0.7105877912642696, 
                    0.27045063250196505, 
                    0.0
                ], 
                "-": [
                    0.3747300952411473, 
                    0.14677922655297077, 
                    0.013595119516443478, 
                    0.0
                ]
            }, 
            "m2s1": {
                "+": [
                    5.891811899187419e-06, 
                    1.1054586037646847, 
                    0.3962650263321574, 
                    0.0
                ], 
                "-": [
                    0.9999941081881009, 
                    1.1421085594837934, 
                    0.4515542573918637, 
                    0.0
                ]
            }, 
            "m2s2": {
                "+": [
                    0.9904421535812019, 
                    1.2007882617028034, 
                    0.27914610792439354, 
                    0.0
                ],