{
    "stream_model": {
        "emission_probability": {
            "s0Active": {
                "$": [
                    1.0, 
                    0.0, 
                    0.0, 
                    1.7821670017687214e-07
                ]
            }, 
            "s1Dwell": {
                "$": [
                    1.0, 
                    9.903625552518008, 
                    4.3234219603684485, 
                    0.0
                ]
            }, 
            "s2End": {
                "F": [
                    1.0
                ]
            }
        }, 
        "observation_space": [
            "$", 
            "F"
        ], 
        "start_probability": {
            "s0Active": 0.020656046277344214, 
            "s1Dwell": 0.9793439537226558, 
            "s2End": 0.0
        }, 
        "state_space": [
            "s0Active", 
            "s1Dwell", 
            "s2End"
        ], 
        "transition_probability": {
            "s0Active": {
                "s0Active": 0.7458813408751348, 
                "s1Dwell": 0.1843139909972536, 
                "s2End": 0.06980466812761164
            }, 
            "s1Dwell": {
                "s0Active": 0.02424157192145285, 
                "s1Dwell": 0.8119589475819339, 
                "s2End": 0.16379948049661333
            }, 
            "s2End": {}
        }
    }
}