{
    "packet_model": {
        "emission_probability": {
            "m0s0": {
                "+": [
                    0.020965951317286454, 
                    0.04159893632449543, 
                    1.1458717812460364, 
                    0.0
                ], 
                "-": [
                    0.9790340486827136, 
                    1.8765320036866173, 
                    1.6942904004597634, 
                    0.0
                ]
            }, 
            "m0s1": {
                "+": [
                    0.9944734304414324, 
                    9.6598791952766, 
                    4.425852133336845, 
                    0.0
                ], 
                "-": [
                    0.005526569558567512, 
                    0.33552284220314366, 
                    0.556386215802668, 
                    0.0
                ]
            }, 
            "m0s2": {
                "+": [
                    0.009439810948517341, 
                    0.4473975491933052, 
                    0.04426360744380024, 
                    0.0
                ], 
                "-": [
                    0.9905601890514827, 
                    0.9528275018788098, 
                    0.024349925442476248, 
                    0.0
                ]
            }, 
            "m0s3": {
                "+": [
                    0.06047656190462336, 
                    13.262748826964051, 
                    5.99277672362941, 
                    0.0
                ], 
                "-": [
                    0.9395234380953766, 
                    10.270604445282464, 
                    5.7400864671717695, 
                    0.0
                ]
            }, 
            "m0s4": {
                "+": [
                    0.003613478899822757, 
                    0.055709075769468784, 
                    0.09794334057467939, 
                    0.0
                ], 
                "-": [
                    0.9963865211001772, 
                    1.7567115864390739, 
                    1.4147224190538563, 
                    0.0
                ]
            }, 
            "m0s5": {
                "+": [
                    0.9857796103614647, 
                    3.109494932388493, 
                    3.641641801840265, 
                    0.0
                ], 
                "-": [
                    0.014220389638535297, 
                    11.994730055841238, 
                    0.6491847731514889, 
                    0.0
                ]
            }, 
            "m0s6": {
                "+": [
                    0.04301188003921747, 
                    0.2812499999673197, 
                    0.1045532912234636, 
                    0.0
                ], 
                "-": [
                    0.9569881199607826, 
                    1.2779146248653768, 
                    0.6659941265888947, 
                    0.0
                ]
            }, 
            "m0s7": {
                "+": [
                    2.871857798404149e-05, 
                    0.14930489529711838, 
                    0.026496787488697462, 
                    0.0
                ], 
                "-": [
                    0.999971281422016, 
                    9.015006965337182, 
                    5.660790929854625, 
                    0.0
                ]
            }, 
            "m0sEnd": {
                "F": [
                    1.0
                ]
            }, 
            "m1s0": {
                "+": [
                    0.9462606018214176, 
                    12.583354203684713, 
                    3.107083574632754, 
                    0.0
                ], 
                "-": [
                    0.05373939817858241, 
                    8.072129768853081, 
                    2.159588973248033, 
                    0.0
                ]
            }, 
            "m1s1": {
                "+": [
                    0.05571636633303759, 
                    6.65656642960451, 
                    5.802344878084916, 
                    0.0
                ], 
                "-": [
                    0.9442836336669624, 
                    11.77088246643234, 
                    2.7461550485478847, 
                    0.0
                ]
            }, 
            "m1s2": {
                "+": [
                    0.75, 
                    0.15195513743382696, 
                    0.033553548896642915, 
                    0.0
                ], 
                "-": [
                    0.25, 
                    70.15220454168738, 
                    0.033553548896642915, 
                    0.0
                ]
            }, 
            "m1s3": {
                "+": [
                    0.9437287103821784, 
                    1.6099315330238002, 
                    7.27675898744017, 
                    0.0
                ], 
                "-": [
                    0.05627128961782157, 
                    1.7189870163823047, 
                    0.01, 
                    0.0
                ]
            }, 
            "m1s4": {
                "+": [
                    0.9834639987345923, 
                    11.914873774961988, 
                    0.6416420106574973, 
                    0.0
                ], 
                "-": [
                    0.0165360012654077, 
                    0.9068343816297241, 
                    0.8241007098839506, 
                    0.0
                ]
            }, 
            "m1s5": {
                "+": [
                    0.00010395758870691062, 
                    7.41370764837246, 
                    0.36511583664072944, 
                    0.0
                ], 
                "-": [
                    0.999896042411293, 
                    1.2457897229405321, 
                    0.49623385520429075, 
                    0.0
                ]
            }, 
            "m1s6": {
                "+": [
                    0.054066023123872424, 
                    11.484511747621163, 
                    1.7822514798569091, 
                    0.0
                ], 
                "-": [
                    0.9459339768761277, 
                    7.164950386904759, 
                    3.167494791867935, 
                    0.0
                ]
            }, 
            "m1s7": {
                "+": [
                    0.03204610261148934, 
                    1.2283945998290196, 
                    0.5854845477526754, 
                    0.0
                ], 
                "-": [
                    0.9679538973885107, 
                    1.2148419019965662, 
                    0.4636123014325074, 
                    0.0
                ]
            }, 
            "m1sEnd": {
                "F": [
                    1.0
                ]
            }, 
            "m2s0": {
                "+": [
                    1.0345653542412811e-05, 
                    45.477618640913256, 
                    0.8935278543189222, 
                    0.0
                ], 
                "-": [
                    0.9999896543464576, 
                    1.0854812849736417, 
                    0.2400876490523826, 
                    0.0
                ]
            }, 
            "m2s1": {
                "+": [
                    0.00018436780733743647, 
                    1.0716144576979747, 
                    0.08088596959013299, 
                    0.0
                ], 
                "-": [
                    0.9998156321926626, 
                    1.515673724144442, 
                    1.4239529720955386, 
                    0.0
                ]
            }, 
            "m2s2": {
                "+": [
                    0.9994393514460055, 
                    1.338976477157633, 
                    0.9834309229332862, 
                    0.0
                ],