{
    "packet_model": {
        "emission_probability": {
            "m0s0": {
                "+": [
                    0.020075190141998434, 
                    0.3327914905959634, 
                    0.19307478167678305, 
                    0.0
                ], 
                "-": [
                    0.9799248098580016, 
                    3.2529918396867394, 
                    2.3733318033671242, 
                    0.0
                ]
            }, 
            "m0s1": {
                "+": [
                    0.9968329525329498, 
                    9.386836788097279, 
                    4.57874857571619, 
                    0.0
                ], 
                "-": [
                    0.003167047467050209, 
                    2.6841827376251493, 
                    1.9430624573249995, 
                    0.0
                ]
            }, 
            "m0s2": {
                "+": [
                    0.028862188218932206, 
                    3.5791803935464417, 
                    0.28410885955040194, 
                    0.0
                ], 
                "-": [
                    0.9711378117810678, 
                    0.5113865014567185, 
                    0.12479940353980999, 
                    0.0
                ]
            }, 
            "m0s3": {
                "+": [
                    0.057959588637886715, 
                    20.451994465204578, 
                    2.02247098820928, 
                    0.0
                ], 
                "-": [
                    0.9420404113621133, 
                    10.75143267066208, 
                    5.509226993695682, 
                    0.0
                ]
            }, 
            "m0s4": {
                "+": [
                    0.028907831198582055, 
                    0.4456726061557503, 
                    0.7135467245974351, 
                    0.0
                ], 
                "-": [
                    0.971092168801418, 
                    2.779253758371792, 
                    0.8376891694822934, 
                    0.0
                ]
            }, 
            "m0s5": {
                "+": [
                    0.938347396327229, 
                    4.495082265950788, 
                    4.00215042487223, 
                    0.0
                ], 
                "-": [
                    0.06165260367277105, 
                    3.2175308679044625, 
                    5.123478185211912, 
                    0.0
                ]
            }, 
            "m0s6": {
                "+": [
                    0.3440950403137398, 
                    2.2499999997385576, 
                    0.7664263297877087, 
                    0.0
                ], 
                "-": [
                    0.6559049596862603, 
                    0.6330109637018378, 
                    2.5179564396088496, 
                    0.0
                ]
            }, 
            "m0s7": {
                "+": [
                    4.1675324111119314e-06, 
                    1.194439162376947, 
                    0.1419742999095797, 
                    0.0
                ], 
                "-": [
                    0.9999958324675889, 
                    8.310861359204035, 
                    5.322986326095202, 
                    0.0
                ]
            }, 
            "m0sEnd": {
                "F": [
                    1.0
                ]
            }, 
            "m1s0": {
                "+": [
                    0.9951165778476159, 
                    11.988195288583178, 
                    2.9086253790687167, 
                    0.0
                ], 
                "-": [
                    0.004883422152384196, 
                    3.7699982458968537, 
                    4.758849820492509, 
                    0.0
                ]
            }, 
            "m1s1": {
                "+": [
                    0.01734219565907958, 
                    9.498416078573765, 
                    4.2575981858747, 
                    0.0
                ], 
                "-": [
                    0.9826578043409204, 
                    9.796758771398316, 
                    3.3819775739862226, 
                    0.0
                ]
            }, 
            "m1s2": {
                "+": [
                    1.0, 
                    1.2156410994706157, 
                    0.19842839117314331, 
                    0.0
                ], 
                "-": [
                    0.0, 
                    0.0, 
                    0.19842839117314331, 
                    0.0
                ]
            }, 
            "m1s3": {
                "+": [
                    0.8711327148818984, 
                    1.3886791254534092, 
                    0.6569224684347733, 
                    0.0
                ], 
                "-": [
                    0.1288672851181017, 
                    2.0592710520373956, 
                    0.01, 
                    0.0
                ]
            }, 
            "m1s4": {
                "+": [
                    0.8911517785424355, 
                    11.668286350071506, 
                    0.7900539375742247, 
                    0.0
                ], 
                "-": [
                    0.1088482214575645, 
                    7.254675053037793, 
                    0.01619967649058023, 
                    0.0
                ]
            }, 
            "m1s5": {
                "+": [
                    3.80835113420335e-05, 
                    1.1987880146568468, 
                    2.8509266931258357, 
                    0.0
                ], 
                "-": [
                    0.999961916488658, 
                    1.2189454532960586, 
                    0.5020589323454324, 
                    0.0
                ]
            }, 
            "m1s6": {
                "+": [
                    0.022847523754330763, 
                    10.586194716448563, 
                    1.6510585019210722, 
                    0.0
                ], 
                "-": [
                    0.9771524762456693, 
                    5.406501520643792, 
                    3.3495012427163977, 
                    0.0
                ]
            }, 
            "m1s7": {
                "+": [
                    0.032466293387896986, 
                    1.239626472012966, 
                    1.1169690371816627, 
                    0.0
                ], 
                "-": [
                    0.967533706612103, 
                    1.1552787912013196, 
                    0.37498262897564794, 
                    0.0
                ]
            }, 
            "m1sEnd": {
                "F": [
                    1.0
                ]
            }, 
            "m2s0": {
                "+": [
                    1.0034236940839939e-06, 
                    8.921197266263837, 
                    0.2833671483046612, 
                    0.0
                ], 
                "-": [
                    0.9999989965763059, 
                    1.2371826013560845, 
                    0.7099927101371921, 
                    0.0
                ]
            }, 
            "m2s1": {
                "+": [
                    0.0011899202786658583, 
                    0.7324886732208179, 
                    0.5770877567210638, 
                    0.0
                ], 
                "-": [
                    0.9988100797213342, 
                    2.576182727155187, 
                    2.538594657492429, 
                    0.0
                ]
            }, 
            "m2s2": {
                "+": [
                    0.999723163485454, 
                    1.480184193313798, 
                    1.190058012685645, 
                    0.0
                ],