{
    "packet_model": {
        "emission_probability": {
            "m0s0": {
                "+": [
                    0.00013929470806204615, 
                    0.26795209710587775, 
                    0.023167978834720354, 
                    0.0
                ], 
                "-": [
                    0.9998607052919379, 
                    1.1316406095772091, 
                    0.5055923912710818, 
                    0.0
                ]
            }, 
            "m0s1": {
                "+": [
                    0.9995482423622728, 
                    9.236658798252384, 
                    4.461173249689098, 
                    0.0
                ], 
                "-": [
                    0.0004517576377272571, 
                    0.1801708430888031, 
                    0.14500858406341913, 
                    0.0
                ]
            }, 
            "m0s2": {
                "+": [
                    0.7425418113250921, 
                    1.160924008153146, 
                    2.256789656394648, 
                    0.0
                ], 
                "-": [
                    0.2574581886749079, 
                    1.7786348551151343, 
                    0.22521899402573034, 
                    0.0
                ]
            }, 
            "m0s3": {
                "+": [
                    0.16454692850324404, 
                    7.914153213746842, 
                    4.883945969482747, 
                    0.0
                ], 
                "-": [
                    0.8354530714967561, 
                    9.43781621837413, 
                    5.417354098649552, 
                    0.0
                ]
            }, 
            "m0s4": {
                "+": [
                    0.0003802450824280705, 
                    7.628890853484964, 
                    0.010343528674119841, 
                    0.0
                ], 
                "-": [
                    0.9996197549175719, 
                    1.2036577432346798, 
                    0.4974157968796909, 
                    0.0
                ]
            }, 
            "m0s5": {
                "+": [
                    0.9930108778115438, 
                    2.4129250756004117, 
                    3.02996189702238, 
                    0.0
                ], 
                "-": [
                    0.006989122188456183, 
                    9.932858242118208, 
                    4.67194506186685, 
                    0.0
                ]
            }, 
            "m0s6": {
                "+": [
                    0.0007253193823090258, 
                    1.0341178298171396, 
                    0.25775224647562783, 
                    0.0
                ], 
                "-": [
                    0.999274680617691, 
                    1.1459046238333221, 
                    0.38478263230998677, 
                    0.0
                ]
            }, 
            "m0s7": {
                "+": [
                    0.0007483327390641735, 
                    2.2184434226127636, 
                    2.214366310609381, 
                    0.0
                ], 
                "-": [
                    0.9992516672609358, 
                    7.995181314778483, 
                    3.866266739273499, 
                    0.0
                ]
            }, 
            "m0sEnd": {
                "F": [
                    1.0
                ]
            }, 
            "m1s0": {
                "+": [
                    0.9537555545100642, 
                    10.557459058703309, 
                    5.372059459520635, 
                    0.0
                ], 
                "-": [
                    0.04624444548993583, 
                    1.8628056707116871, 
                    6.274172529987223, 
                    0.0
                ]
            }, 
            "m1s1": {
                "+": [
                    0.22030403812637506, 
                    6.5379102862464045, 
                    5.401479940804245, 
                    0.0
                ], 
                "-": [
                    0.779695961873625, 
                    11.899393416078711, 
                    1.8476620676244284, 
                    0.0
                ]
            }, 
            "m1s2": {
                "+": [
                    0.3229422476245837, 
                    6.923734887427297, 
                    1.8218559536763257, 
                    0.0
                ], 
                "-": [
                    0.6770577523754163, 
                    1.9843640145302308, 
                    0.010092006050377512, 
                    0.0
                ]
            }, 
            "m1s3": {
                "+": [
                    0.903036948306738, 
                    4.613306417275076, 
                    4.277340908587927, 
                    0.0
                ], 
                "-": [
                    0.096963051693262, 
                    0.30147049151923555, 
                    0.4044973788486387, 
                    0.0
                ]
            }, 
            "m1s4": {
                "+": [
                    0.972374080172008, 
                    11.84830051127205, 
                    1.802383208800478, 
                    0.0
                ], 
                "-": [
                    0.02762591982799197, 
                    3.1060905269533925, 
                    0.6347764818968846, 
                    0.0
                ]
            }, 
            "m1s5": {
                "+": [
                    0.0033044113512332727, 
                    0.337696404074942, 
                    3.264102904443349, 
                    0.0
                ], 
                "-": [
                    0.9966955886487667, 
                    1.6106165234545573, 
                    0.5274420047776753, 
                    0.0
                ]
            }, 
            "m1s6": {
                "+": [
                    0.04673692075316328, 
                    12.964585530996224, 
                    0.531299768200729, 
                    0.0
                ], 
                "-": [
                    0.9532630792468367, 
                    9.755025597358594, 
                    3.0556661322668908, 
                    0.0
                ]
            }, 
            "m1s7": {
                "+": [
                    0.011271302456359484, 
                    0.29444442496692025, 
                    1.0470241466414116, 
                    0.0
                ], 
                "-": [
                    0.9887286975436406, 
                    1.3245290536765428, 
                    0.6227353137517553, 
                    0.0
                ]
            }, 
            "m1sEnd": {
                "F": [
                    1.0
                ]
            }, 
            "m2s0": {
                "+": [
                    0.4061507812748995, 
                    0.1776469478160674, 
                    3.483235424377995, 
                    0.0
                ], 
                "-": [
                    0.5938492187251005, 
                    0.9473445795190237, 
                    0.010898779879110868, 
                    0.0
                ]
            }, 
            "m2s1": {
                "+": [
                    0.001114897411985547, 
                    0.2763646509411712, 
                    1.0940897049495868, 
                    0.0
                ], 
                "-": [
                    0.9988851025880144, 
                    1.177621555879101, 
                    0.4489686001914899, 
                    0.0
                ]
            }, 
            "m2s2": {
                "+": [
                    0.9976105383953005, 
                    0.6766658747310246, 
                    4.33553248268378, 
                    0.0
                ],