{
    "packet_model": {
        "emission_probability": {
            "m0s0": {
                "+": [
                    0.05989988800408918, 
                    0.1663957452979817, 
                    1.8769417194868498, 
                    0.0
                ], 
                "-": [
                    0.9401001119959108, 
                    2.7099388309789783, 
                    2.2351947734875286, 
                    0.0
                ]
            }, 
            "m0s1": {
                "+": [
                    0.9984164762664749, 
                    9.556398244871648, 
                    4.4770653748279114, 
                    0.0
                ], 
                "-": [
                    0.0015835237335251045, 
                    1.3420913688125746, 
                    0.9765312286624998, 
                    0.0
                ]
            }, 
            "m0s2": {
                "+": [
                    0.014431094109466103, 
                    1.7895901967732208, 
                    0.14705442977520097, 
                    0.0
                ], 
                "-": [
                    0.9855689058905339, 
                    1.3426824772833936, 
                    0.067399701769905, 
                    0.0
                ]
            }, 
            "m0s3": {
                "+": [
                    0.032221735816808206, 
                    26.481566755244813, 
                    6.621191442596616, 
                    0.0
                ], 
                "-": [
                    0.9677782641831918, 
                    10.697777459073594, 
                    5.528990204258802, 
                    0.0
                ]
            }, 
            "m0s4": {
                "+": [
                    0.014453915599291028, 
                    0.22283630307787514, 
                    0.36177336229871754, 
                    0.0
                ], 
                "-": [
                    0.985546084400709, 
                    2.8557642668315326, 
                    1.3936799182179849, 
                    0.0
                ]
            }, 
            "m0s5": {
                "+": [
                    0.9623427278608061, 
                    3.8748901651146492, 
                    3.959770957887418, 
                    0.0
                ], 
                "-": [
                    0.03765727213919389, 
                    6.636121594415438, 
                    2.566739092605956, 
                    0.0
                ]
            }, 
            "m0s6": {
                "+": [
                    0.1720475201568699, 
                    1.1249999998692788, 
                    0.3882131648938544, 
                    0.0
                ], 
                "-": [
                    0.8279524798431301, 
                    1.1243664347681896, 
                    1.2639782198044247, 
                    0.0
                ]
            }, 
            "m0s7": {
                "+": [
                    0.00011487431193616596, 
                    0.5972195811884735, 
                    0.07598714995478985, 
                    0.0
                ], 
                "-": [
                    0.9998851256880639, 
                    8.54849305620417, 
                    5.706496861766169, 
                    0.0
                ]
            }, 
            "m0sEnd": {
                "F": [
                    1.0
                ]
            }, 
            "m1s0": {
                "+": [
                    0.9732492908108243, 
                    12.164418586958089, 
                    2.942337081982873, 
                    0.0
                ], 
                "-": [
                    0.02675070918917561, 
                    7.752140203786496, 
                    2.3844249102462545, 
                    0.0
                ]
            }, 
            "m1s1": {
                "+": [
                    0.022016266799561465, 
                    9.455475166862655, 
                    3.502959820141049, 
                    0.0
                ], 
                "-": [
                    0.9779837332004385, 
                    10.835159218514494, 
                    3.0945923860963926, 
                    0.0
                ]
            }, 
            "m1s2": {
                "+": [
                    1.0, 
                    0.6078205497353079, 
                    0.10421419558657166, 
                    0.0
                ], 
                "-": [
                    0.0, 
                    0.0, 
                    0.10421419558657166, 
                    0.0
                ]
            }, 
            "m1s3": {
                "+": [
                    0.9154523681777651, 
                    1.7407680471282716, 
                    0.33346123421738666, 
                    0.0
                ], 
                "-": [
                    0.08454763182223499, 
                    6.875948065529219, 
                    0.01, 
                    0.0
                ]
            }, 
            "m1s4": {
                "+": [
                    0.9455758892712178, 
                    11.860886218898283, 
                    0.40002696878711236, 
                    0.0
                ], 
                "-": [
                    0.05442411072878225, 
                    3.6273375265188963, 
                    0.013099838245290114, 
                    0.0
                ]
            }, 
            "m1s5": {
                "+": [
                    1.904175567101675e-05, 
                    0.5993940073284234, 
                    1.4304633465629177, 
                    0.0
                ], 
                "-": [
                    0.999980958244329, 
                    1.2203660407861112, 
                    0.4861034646350899, 
                    0.0
                ]
            }, 
            "m1s6": {
                "+": [
                    0.03235344557904928, 
                    11.108483418648024, 
                    0.8305292509605361, 
                    0.0
                ], 
                "-": [
                    0.9676465544209507, 
                    6.230563618359318, 
                    3.3058130323899904, 
                    0.0
                ]
            }, 
            "m1s7": {
                "+": [
                    0.028482287055671116, 
                    1.2468987170467676, 
                    0.5634845185908314, 
                    0.0
                ], 
                "-": [
                    0.9715177129443289, 
                    1.1725625214225261, 
                    0.4107635981723453, 
                    0.0
                ]
            }, 
            "m1sEnd": {
                "F": [
                    1.0
                ]
            }, 
            "m2s0": {
                "+": [
                    5.660388548925472e-06, 
                    4.4605986331319185, 
                    3.544111417275689, 
                    0.0
                ], 
                "-": [
                    0.9999943396114511, 
                    1.156060404722903, 
                    0.5468921439216154, 
                    0.0
                ]
            }, 
            "m2s1": {
                "+": [
                    0.0005949601393329292, 
                    0.36624433661040895, 
                    0.2935438783605319, 
                    0.0
                ], 
                "-": [
                    0.9994050398606671, 
                    2.077863473354954, 
                    2.1292462003693404, 
                    0.0
                ]
            }, 
            "m2s2": {
                "+": [
                    0.9998298689285907, 
                    1.3980741960342433, 
                    1.081341197599946, 
                    0.0
                ],