{
    "packet_model": {
        "emission_probability": {
            "m0s0": {
                "+": [
                    0.00108492845742482, 
                    0.012961963209416871, 
                    0.11534383067776283, 
                    0.0
                ], 
                "-": [
                    0.9989150715425752, 
                    1.3643525809528834, 
                    1.0208292944295938, 
                    0.0
                ]
            }, 
            "m0s1": {
                "+": [
                    0.9989694702943921, 
                    9.680154681877923, 
                    4.196014773950944, 
                    0.0
                ], 
                "-": [
                    0.0010305297056079374, 
                    1.4413667447104248, 
                    1.090068672507353, 
                    0.0
                ]
            }, 
            "m0s2": {
                "+": [
                    0.6178308361735301, 
                    6.032036954706367, 
                    0.011070737732618758, 
                    0.0
                ], 
                "-": [
                    0.3821691638264699, 
                    0.8572914539544568, 
                    1.7317519522058427, 
                    0.0
                ]
            }, 
            "m0s3": {
                "+": [
                    0.20272776242014007, 
                    9.059999985955466, 
                    4.186737837261645, 
                    0.0
                ], 
                "-": [
                    0.79727223757986, 
                    9.590688925388694, 
                    5.658219853985127, 
                    0.0
                ]
            }, 
            "m0s4": {
                "+": [
                    0.0013253626490938365, 
                    0.4091061326117215, 
                    0.012748229392958731, 
                    0.0
                ], 
                "-": [
                    0.9986746373509061, 
                    1.295588897271974, 
                    0.7502797550680794, 
                    0.0
                ]
            }, 
            "m0s5": {
                "+": [
                    0.9964927677416964, 
                    2.4106031223684177, 
                    3.0097743086002398, 
                    0.0
                ], 
                "-": [
                    0.0035072322583036535, 
                    13.389038270225287, 
                    0.39707212214223425, 
                    0.0
                ]
            }, 
            "m0s6": {
                "+": [
                    0.004720966542518992, 
                    0.9359422180444558, 
                    0.012954790350733238, 
                    0.0
                ], 
                "-": [
                    0.995279033457481, 
                    1.138943903954477, 
                    0.36307414590955445, 
                    0.0
                ]
            }, 
            "m0s7": {
                "+": [
                    0.0012970709383264489, 
                    2.3952937331226076, 
                    1.4354307256267456, 
                    0.0
                ], 
                "-": [
                    0.9987029290616736, 
                    9.141038558793358, 
                    4.7863779099121215, 
                    0.0
                ]
            }, 
            "m0sEnd": {
                "F": [
                    1.0
                ]
            }, 
            "m1s0": {
                "+": [
                    0.9563651226512255, 
                    11.42408648169261, 
                    5.110577046721335, 
                    0.0
                ], 
                "-": [
                    0.04363487734877447, 
                    12.58029969601436, 
                    1.4823018881294283, 
                    0.0
                ]
            }, 
            "m1s1": {
                "+": [
                    0.1369155256016592, 
                    6.781720569765618, 
                    5.342742049546635, 
                    0.0
                ], 
                "-": [
                    0.8630844743983408, 
                    12.385784627650253, 
                    2.610949114302983, 
                    0.0
                ]
            }, 
            "m1s2": {
                "+": [
                    0.6303219453337618, 
                    0.5435004357808308, 
                    5.660074674456833, 
                    0.0
                ], 
                "-": [
                    0.3696780546662381, 
                    2.1922563919277307, 
                    0.010736048403020091, 
                    0.0
                ]
            }, 
            "m1s3": {
                "+": [
                    0.874841408477147, 
                    4.284846362145472, 
                    5.553906662527899, 
                    0.0
                ], 
                "-": [
                    0.12515859152285308, 
                    2.4117639321538844, 
                    0.01, 
                    0.0
                ]
            }, 
            "m1s4": {
                "+": [
                    0.9434083702464728, 
                    12.058967931832257, 
                    1.0144998683106772, 
                    0.0
                ], 
                "-": [
                    0.056591629753527106, 
                    6.875136833995417, 
                    0.7354348075377573, 
                    0.0
                ]
            }, 
            "m1s5": {
                "+": [
                    4.369090113374966e-05, 
                    0.6065654726212206, 
                    0.021097369895022797, 
                    0.0
                ], 
                "-": [
                    0.9999563090988662, 
                    1.405859136625076, 
                    0.5251930813383063, 
                    0.0
                ]
            }, 
            "m1s6": {
                "+": [
                    0.07363764632959634, 
                    12.427409272562443, 
                    0.35502633922277926, 
                    0.0
                ], 
                "-": [
                    0.9263623536704038, 
                    8.2578981895307, 
                    2.938129456233884, 
                    0.0
                ]
            }, 
            "m1s7": {
                "+": [
                    0.015799084673818877, 
                    0.6162383376910907, 
                    1.601750702724372, 
                    0.0
                ], 
                "-": [
                    0.9842009153261811, 
                    1.2813562454318401, 
                    0.48461508793413616, 
                    0.0
                ]
            }, 
            "m1sEnd": {
                "F": [
                    1.0
                ]
            }, 
            "m2s0": {
                "+": [
                    0.25053980951770544, 
                    1.4211755825285393, 
                    0.5309012650039301, 
                    0.0
                ], 
                "-": [
                    0.7494601904822946, 
                    0.29355845310594153, 
                    0.017190239032886957, 
                    0.0
                ]
            }, 
            "m2s1": {
                "+": [
                    1.1783623798374836e-05, 
                    2.2109172075293695, 
                    0.7825300526643147, 
                    0.0
                ], 
                "-": [
                    0.9999882163762016, 
                    1.1373006680950382, 
                    0.5124044958983146, 
                    0.0
                ]
            }, 
            "m2s2": {
                "+": [
                    0.994812374937696, 
                    1.2177884664054859, 
                    0.5482922158487871, 
                    0.0
                ],