{
    "packet_model": {
        "emission_probability": {
            "m0s0": {
                "+": [
                    0.01242602258973061, 
                    0.20739141135066994, 
                    1.695501290844205, 
                    0.0
                ], 
                "-": [
                    0.9875739774102694, 
                    1.7199349083530366, 
                    1.486856458007444, 
                    0.0
                ]
            }, 
            "m0s1": {
                "+": [
                    0.9912133365254998, 
                    9.600813527930697, 
                    4.435956293379238, 
                    0.0
                ], 
                "-": [
                    0.008786663474500207, 
                    0.16776142110157183, 
                    1.5690870253656155, 
                    0.0
                ]
            }, 
            "m0s2": {
                "+": [
                    0.5047199054742587, 
                    82.87953291935486, 
                    0.027131803721900122, 
                    0.0
                ], 
                "-": [
                    0.49528009452574134, 
                    0.4764137509394049, 
                    0.017174962721238123, 
                    0.0
                ]
            }, 
            "m0s3": {
                "+": [
                    0.08832398080946331, 
                    11.48776092463859, 
                    5.983861949358637, 
                    0.0
                ], 
                "-": [
                    0.9116760191905366, 
                    10.111760009449343, 
                    5.835255066477799, 
                    0.0
                ]
            }, 
            "m0s4": {
                "+": [
                    0.006541471746160248, 
                    0.027854537884734392, 
                    0.05397167028733969, 
                    0.0
                ], 
                "-": [
                    0.9934585282538397, 
                    1.5800464836929193, 
                    1.4122995978132917, 
                    0.0
                ]
            }, 
            "m0s5": {
                "+": [
                    0.9901994266485628, 
                    2.867604223533264, 
                    3.4615631887986487, 
                    0.0
                ], 
                "-": [
                    0.009800573351437247, 
                    12.642713747334705, 
                    0.32959238657574447, 
                    0.0
                ]
            }, 
            "m0s6": {
                "+": [
                    0.041826272539435674, 
                    0.44308601921608265, 
                    0.0572766456117318, 
                    0.0
                ], 
                "-": [
                    0.9581737274605644, 
                    1.1475134531156073, 
                    0.5750190291540034, 
                    0.0
                ]
            }, 
            "m0s7": {
                "+": [
                    2.7107514581353266e-05, 
                    0.07465244764855919, 
                    16.25714567946757, 
                    0.0
                ], 
                "-": [
                    0.9999728924854187, 
                    9.151209242258304, 
                    5.59249307018115, 
                    0.0
                ]
            }, 
            "m0sEnd": {
                "F": [
                    1.0
                ]
            }, 
            "m1s0": {
                "+": [
                    0.9599888545801841, 
                    12.533492244677852, 
                    2.669935681235909, 
                    0.0
                ], 
                "-": [
                    0.04001114541981588, 
                    8.659232118171339, 
                    5.243234153570916, 
                    0.0
                ]
            }, 
            "m1s1": {
                "+": [
                    0.0683436184638844, 
                    6.769718302195615, 
                    5.167060702724021, 
                    0.0
                ], 
                "-": [
                    0.9316563815361156, 
                    11.999070317254194, 
                    2.5041387044263583, 
                    0.0
                ]
            }, 
            "m1s2": {
                "+": [
                    0.8210703307117014, 
                    0.17041092106526867, 
                    0.02177677444832146, 
                    0.0
                ], 
                "-": [
                    0.1789296692882986, 
                    35.07610227084369, 
                    0.02177677444832146, 
                    0.0
                ]
            }, 
            "m1s3": {
                "+": [
                    0.9718643551910893, 
                    3.1213002564046253, 
                    5.967378188881332, 
                    0.0
                ], 
                "-": [
                    0.028135644808910783, 
                    0.8594935081911523, 
                    0.01, 
                    0.0
                ]
            }, 
            "m1s4": {
                "+": [
                    0.9848136971043893, 
                    11.896087869522324, 
                    1.0917724245069595, 
                    0.0
                ], 
                "-": [
                    0.01518630289561074, 
                    1.3687217661646103, 
                    0.4170503549419753, 
                    0.0
                ]
            }, 
            "m1s5": {
                "+": [
                    5.197879435345531e-05, 
                    3.70685382418623, 
                    0.18755791832036472, 
                    0.0
                ], 
                "-": [
                    0.9999480212056465, 
                    1.2523925832631921, 
                    0.49629106856554117, 
                    0.0
                ]
            }, 
            "m1s6": {
                "+": [
                    0.05905604022420752, 
                    11.690684323961314, 
                    1.5453312996572681, 
                    0.0
                ], 
                "-": [
                    0.9409439597757925, 
                    7.412773386440071, 
                    3.156133696120937, 
                    0.0
                ]
            }, 
            "m1s7": {
                "+": [
                    0.03517940376796807, 
                    1.071778614141585, 
                    0.5851431663445175, 
                    0.0
                ], 
                "-": [
                    0.964820596232032, 
                    1.2302078268821894, 
                    0.4877455584935798, 
                    0.0
                ]
            }, 
            "m1sEnd": {
                "F": [
                    1.0
                ]
            }, 
            "m2s0": {
                "+": [
                    5.1728267712064055e-06, 
                    22.738809320456628, 
                    0.4517639271594611, 
                    0.0
                ], 
                "-": [
                    0.9999948271732289, 
                    1.0614207377748357, 
                    0.1250438245261913, 
                    0.0
                ]
            }, 
            "m2s1": {
                "+": [
                    9.218390366871823e-05, 
                    0.5358072288489873, 
                    0.04544298479506649, 
                    0.0
                ], 
                "-": [
                    0.9999078160963313, 
                    1.382831819317846, 
                    1.173399241190564, 
                    0.0
                ]
            }, 
            "m2s2": {
                "+": [
                    0.9997196757230027, 
                    1.3042787296201506, 
                    0.902808567727745, 
                    0.0
                ],