{
    "packet_model": {
        "emission_probability": {
            "m0s0": {
                "+": [
                    0.0008699247582532952, 
                    1.3311659623838537, 
                    0.7422991267071322, 
                    0.0
                ], 
                "-": [
                    0.9991300752417467, 
                    4.3528681779970055, 
                    3.3631474771699104, 
                    0.0
                ]
            }, 
            "m0s1": {
                "+": [
                    1.0, 
                    9.024830324871564, 
                    4.237727723150458, 
                    0.0
                ], 
                "-": [
                    0.0, 
                    2.3, 
                    0.055, 
                    0.0
                ]
            }, 
            "m0s2": {
                "+": [
                    0.0, 
                    0.8161589837694502, 
                    1.1064354382016077, 
                    0.0
                ], 
                "-": [
                    1.0, 
                    1.5085017253416777, 
                    0.46919761415923994, 
                    0.0
                ]
            }, 
            "m0s3": {
                "+": [
                    0.09541965906094506, 
                    12.17327631951635, 
                    3.76708246759699, 
                    0.0
                ], 
                "-": [
                    0.9045803409390549, 
                    10.465251898632236, 
                    5.07145300997586, 
                    0.0
                ]
            }, 
            "m0s4": {
                "+": [
                    0.11563132479432822, 
                    1.782690424623001, 
                    2.8241868983897405, 
                    0.0
                ], 
                "-": [
                    0.8843686752056719, 
                    1.5893283591599598, 
                    0.5447413281851406, 
                    0.0
                ]
            }, 
            "m0s5": {
                "+": [
                    0.8041146195042783, 
                    5.034240292391567, 
                    2.856595644695998, 
                    0.0
                ], 
                "-": [
                    0.19588538049572174, 
                    2.080970080224479, 
                    1.0904490223434313, 
                    0.0
                ]
            }, 
            "m0s6": {
                "+": [
                    0.0, 
                    8.99999999895423, 
                    0.01, 
                    0.0
                ], 
                "-": [
                    1.0, 
                    0.9466573496441751, 
                    1.2667598475708128, 
                    0.0
                ]
            }, 
            "m0s7": {
                "+": [
                    1.6670129644447722e-05, 
                    4.777756649507788, 
                    0.5378971996383187, 
                    0.0
                ], 
                "-": [
                    0.9999833298703555, 
                    9.425109936853609, 
                    3.958388373448842, 
                    0.0
                ]
            }, 
            "m0sEnd": {
                "F": [
                    1.0
                ]
            }, 
            "m1s0": {
                "+": [
                    1.0, 
                    11.917023387675886, 
                    1.4258762341077833, 
                    0.0
                ], 
                "-": [
                    0.0, 
                    2.3025850929940455, 
                    0.005000000000000444, 
                    0.0
                ]
            }, 
            "m1s1": {
                "+": [
                    0.012269281208241747, 
                    11.437401490711006, 
                    0.695974212859208, 
                    0.0
                ], 
                "-": [
                    0.9877307187917583, 
                    6.731377750473372, 
                    3.5267542459939705, 
                    0.0
                ]
            }, 
            "m1s2": {
                "+": [
                    1.0, 
                    4.605170185988092, 
                    0.7637135646925732, 
                    0.0
                ], 
                "-": [
                    0.0, 
                    0.0, 
                    0.7637135646925732, 
                    0.0
                ]
            }, 
            "m1s3": {
                "+": [
                    0.48958937635802924, 
                    1.7328078616731215, 
                    1.4848621041416197, 
                    0.0
                ], 
                "-": [
                    0.5104106236419708, 
                    8.237084208149582, 
                    0.01, 
                    0.0
                ]
            }, 
            "m1s4": {
                "+": [
                    0.5687123372703765, 
                    11.3720021389166, 
                    1.354222079429538, 
                    0.0
                ], 
                "-": [
                    0.4312876627296236, 
                    12.269519177165918, 
                    0.03479870596232091, 
                    0.0
                ]
            }, 
            "m1s5": {
                "+": [
                    3.471241652993361e-05, 
                    1.6238843130870537, 
                    0.3592473993433737, 
                    0.0
                ], 
                "-": [
                    0.9999652875834701, 
                    1.2452325638708637, 
                    0.60304376529556, 
                    0.0
                ]
            }, 
            "m1s6": {
                "+": [
                    0.016414484287372536, 
                    7.492877183712357, 
                    4.426393713388569, 
                    0.0
                ], 
                "-": [
                    0.9835855157126274, 
                    3.14446836498451, 
                    3.1727770401803617, 
                    0.0
                ]
            }, 
            "m1s7": {
                "+": [
                    0.06414348826589807, 
                    1.5953932899239407, 
                    1.277802643369377, 
                    0.0
                ], 
                "-": [
                    0.935856511734102, 
                    0.9144960109361995, 
                    0.1771177537008163, 
                    0.0
                ]
            }, 
            "m1sEnd": {
                "F": [
                    1.0
                ]
            }, 
            "m2s0": {
                "+": [
                    0.0, 
                    0.8062829438714048, 
                    1.1034685932186448, 
                    0.0
                ], 
                "-": [
                    1.0, 
                    1.5473065374421018, 
                    1.048338666167553, 
                    0.0
                ]
            }, 
            "m2s1": {
                "+": [
                    0.004759681114663433, 
                    2.9299546928832716, 
                    2.2783510268842555, 
                    0.0
                ], 
                "-": [
                    0.9952403188853366, 
                    3.269818879247369, 
                    2.8880856127137235, 
                    0.0
                ]
            }, 
            "m2s2": {
                "+": [
                    1.0, 
                    1.7616068869797479, 
                    1.339830051280596, 
                    0.0
                ], 
                "-": [
                    0.0, 
                    2.302585092994046, 
                    0.055, 
                    0.0
                ]
            },