{
    "packet_model": {
        "emission_probability": {
            "m0s0": {
                "+": [
                    0.0017398495165065904,
                    2.6623319247677073,
                    1.4745982534142643,
                    0.0
                ],
                "-": [
                    0.9982601504834935,
                    2.782900631177266,
                    1.760100584381768,
                    0.0
                ]
            },
            "m0s1": {
                "+": [
                    1.0,
                    8.823885709572162,
                    3.7415116980641776,
                    0.0
                ],
                "-": [
                    0.0,
                    4.6,
                    0.1,
                    0.0
                ]
            },
            "m0s2": {
                "+": [
                    0.0,
                    1.6323179675389003,
                    2.2028708764032157,
                    0.0
                ],
                "-": [
                    1.0,
                    1.654294060805981,
                    0.9283952283184799,
                    0.0
                ]
            },
            "m0s3": {
                "+": [
                    0.10260135619665908,
                    10.930551040205177,
                    2.2834978546332505,
                    0.0
                ],
                "-": [
                    0.8973986438033409,
                    10.181628617663172,
                    4.32765121864113,
                    0.0
                ]
            },
            "m0s4": {
                "+": [
                    0.0,
                    3.299954016226119,
                    2.0754120685565884,
                    0.0
                ],
                "-": [
                    1.0,
                    1.820586473548758,
                    1.0794826563702813,
                    0.0
                ]
            },
            "m0s5": {
                "+": [
                    1.0,
                    4.032852885583862,
                    1.66205854491069,
                    0.0
                ],
                "-": [
                    0.0,
                    3.0701134573253945,
                    2.170898044686863,
                    0.0
                ]
            },
            "m0s6": {
                "+": [
                    0.0,
                    17.99999999790846,
                    0.01,
                    0.0
                ],
                "-": [
                    1.0,
                    1.6713518594772434,
                    0.9085147279538184,
                    0.0
                ]
            },
            "m0s7": {
                "+": [
                    3.3340259288895445e-05,
                    9.555513299015576,
                    1.0657943992766374,
                    0.0
                ],
                "-": [
                    0.9999666597407112,
                    9.782182051251544,
                    2.1944520541592607,
                    0.0
                ]
            },
            "m0sEnd": {
                "F": [
                    1.0
                ]
            },
            "m1s0": {
                "+": [
                    1.0,
                    11.999995137341175,
                    0.009999999999999998,
                    0.0
                ],
                "-": [
                    0.0,
                    4.605170185988091,
                    8.881784197001251e-16,
                    0.0
                ]
            },
            "m1s1": {
                "+": [
                    0.0036671319105382395,
                    10.94744959661796,
                    1.381948425718416,
                    0.0
                ],
                "-": [
                    0.9963328680894619,
                    4.880756868838212,
                    3.0782429517581162,
                    0.0
                ]
            },
            "m1s2": {
                "+": [
                    1.0,
                    9.210340371976184,
                    1.5174271293851465,
                    0.0
                ],
                "-": [
                    0.0,
                    0.0,
                    1.5174271293851465,
                    0.0
                ]
            },
            "m1s3": {
                "+": [
                    0.6840683634498499,
                    1.814055606522772,
                    1.4367676011236752,
                    0.0
                ],
                "-": [
                    0.31593163655015016,
                    7.999678579499782,
                    0.01,
                    0.0
                ]
            },
            "m1s4": {
                "+": [
                    0.41445704023095614,
                    11.245897816860111,
                    1.2931797123563762,
                    0.0
                ],
                "-": [
                    0.5855429597690439,
                    12.000971637987929,
                    0.05959741192464182,
                    0.0
                ]
            },
            "m1s5": {
                "+": [
                    0.0,
                    0.11170504061600592,
                    0.7084947986867474,
                    0.0
                ],
                "-": [
                    1.0,
                    1.387256869104155,
                    0.8110423905554695,
                    0.0
                ]
            },
            "m1s6": {
                "+": [
                    0.007560509051089433,
                    5.940752136233103,
                    4.610113679757128,
                    0.0
                ],
                "-": [
                    0.9924394909489106,
                    2.99186653690319,
                    2.8436797517899532,
                    0.0
                ]
            },
            "m1s7": {
                "+": [
                    0.1087822269282989,
                    1.8411231683010392,
                    1.46233723173707,
                    0.0
                ],
                "-": [
                    0.8912177730717011,
                    0.6931471805600128,
                    0.01,
                    0.0
                ]
            },
            "m1sEnd": {
                "F": [
                    1.0
                ]
            },
            "m2s0": {
                "+": [
                    0.0,
                    1.6125658877428095,
                    2.1969371864372897,
                    0.0
                ],
                "-": [
                    1.0,
                    1.9271685533923735,
                    1.3611218052295935,
                    0.0
                ]
            },
            "m2s1": {
                "+": [
                    4.3353379116428446e-05,
                    5.859909385766543,
                    1.1383268979730663,
                    0.0
                ],
                "-": [
                    0.9999566466208836,
                    3.6312331683423467,
                    2.827421726281782,
                    0.0
                ]
            },
            "m2s2": {
                "+": [
                    1.0,
                    2.0621234286888996,
                    1.3455937513536875,
                    0.0
                ],
                "-": [
                    0.0,
                    4.605170185988092,
                    0.1,
                    0.0
                ]
            },
            "m2s3": {
                "+": [
                    0.0,
                    9.210340371976184,
                    1.5174271293851465,
                    0.0
                ],
                "-": [
                    1.0,
                    1.5493879129963921,
                    1.010850930893182,
                    0.0
                ]
            },