{
    "packet_model": {
        "emission_probability": {
            "m0s0": {
                "+": [
                    0.0004349623791266476, 
                    0.6655829811919268, 
                    0.3761495633535661, 
                    0.0
                ], 
                "-": [
                    0.9995650376208733, 
                    3.8230267233710906, 
                    2.7576321784465256, 
                    0.0
                ]
            }, 
            "m0s1": {
                "+": [
                    0.9981260268554148, 
                    9.12924688847092, 
                    4.4935537653338145, 
                    0.0
                ], 
                "-": [
                    0.0018739731445852033, 
                    1.15, 
                    3.876124914649999, 
                    0.0
                ]
            }, 
            "m0s2": {
                "+": [
                    0.028862188218932206, 
                    7.158360787092883, 
                    0.5582177191008039, 
                    0.0
                ], 
                "-": [
                    0.9711378117810678, 
                    1.022773002913437, 
                    0.23959880707961997, 
                    0.0
                ]
            }, 
            "m0s3": {
                "+": [
                    0.08243365664451988, 
                    12.840223936752798, 
                    4.03494197641856, 
                    0.0
                ], 
                "-": [
                    0.9175663433554802, 
                    10.543904928723183, 
                    5.402242458445151, 
                    0.0
                ]
            }, 
            "m0s4": {
                "+": [
                    0.05781566239716411, 
                    0.8913452123115005, 
                    1.4170934491948701, 
                    0.0
                ], 
                "-": [
                    0.9421843376028359, 
                    1.519460562263022, 
                    0.27737066409257033, 
                    0.0
                ]
            }, 
            "m0s5": {
                "+": [
                    0.8992886298957331, 
                    4.8229407971206015, 
                    3.6049946246590308, 
                    0.0
                ], 
                "-": [
                    0.10071137010426691, 
                    1.0404850401122394, 
                    4.243010828700323, 
                    0.0
                ]
            }, 
            "m0s6": {
                "+": [
                    0.0, 
                    4.499999999477115, 
                    0.01, 
                    0.0
                ], 
                "-": [
                    1.0, 
                    1.2392087901604802, 
                    0.6383799237854064, 
                    0.0
                ]
            }, 
            "m0s7": {
                "+": [
                    8.335064822223861e-06, 
                    2.388878324753894, 
                    0.27394859981915937, 
                    0.0
                ], 
                "-": [
                    0.9999916649351778, 
                    8.626166037187286, 
                    4.876491399628845, 
                    0.0
                ]
            }, 
            "m0sEnd": {
                "F": [
                    1.0
                ]
            }, 
            "m1s0": {
                "+": [
                    0.9948794737130653, 
                    11.91453535914615, 
                    1.868228939046726, 
                    0.0
                ], 
                "-": [
                    0.005120526286934676, 
                    7.5399964917937075, 
                    0.007500000000000222, 
                    0.0
                ]
            }, 
            "m1s1": {
                "+": [
                    0.015863275526820604, 
                    9.84735160746974, 
                    3.1839415682126524, 
                    0.0
                ], 
                "-": [
                    0.9841367244731795, 
                    8.522169265186832, 
                    3.481897457965939, 
                    0.0
                ]
            }, 
            "m1s2": {
                "+": [
                    1.0, 
                    2.302585092994046, 
                    0.3868567823462866, 
                    0.0
                ], 
                "-": [
                    0.0, 
                    0.0, 
                    0.3868567823462866, 
                    0.0
                ]
            }, 
            "m1s3": {
                "+": [
                    0.7422654297637966, 
                    1.4284450625627247, 
                    1.3038449368695466, 
                    0.0
                ], 
                "-": [
                    0.2577345702362034, 
                    4.118542104074791, 
                    0.01, 
                    0.0
                ]
            }, 
            "m1s4": {
                "+": [
                    0.7843561686351883, 
                    11.469316325887233, 
                    1.5701078751484494, 
                    0.0
                ], 
                "-": [
                    0.2156438313648118, 
                    6.134759588582959, 
                    0.022399352981160456, 
                    0.0
                ]
            }, 
            "m1s5": {
                "+": [
                    1.7356208264966804e-05, 
                    0.8119421565435269, 
                    0.18462369967168685, 
                    0.0
                ], 
                "-": [
                    0.9999826437917351, 
                    1.222424528988236, 
                    0.5401897360072508, 
                    0.0
                ]
            }, 
            "m1s6": {
                "+": [
                    0.018041668926224226, 
                    9.230652389357813, 
                    3.2921170038421446, 
                    0.0
                ], 
                "-": [
                    0.9819583310737757, 
                    4.131172646934701, 
                    3.41327165420232, 
                    0.0
                ]
            }, 
            "m1s7": {
                "+": [
                    0.041400175596714335, 
                    1.421987574208369, 
                    1.0488243491098928, 
                    0.0
                ], 
                "-": [
                    0.9585998244032857, 
                    1.0504086664687606, 
                    0.28280220449872334, 
                    0.0
                ]
            }, 
            "m1sEnd": {
                "F": [
                    1.0
                ]
            }, 
            "m2s0": {
                "+": [
                    0.0, 
                    0.4031414719357024, 
                    0.5567342966093224, 
                    0.0
                ], 
                "-": [
                    1.0, 
                    1.3602372552971471, 
                    0.8880614841629806, 
                    0.0
                ]
            }, 
            "m2s1": {
                "+": [
                    0.0023798405573317166, 
                    1.4649773464416358, 
                    1.1441755134421276, 
                    0.0
                ], 
                "-": [
                    0.9976201594426684, 
                    2.895038493536817, 
                    2.7372027737628897, 
                    0.0
                ]
            }, 
            "m2s2": {
                "+": [
                    0.9994463269709079, 
                    1.5786153771166123, 
                    1.2477270290600888, 
                    0.0
                ],