{
    "packet_model": {
        "emission_probability": {
            "m0s0": {
                "+": [
                    0.00216985691484964, 
                    0.025923926418833742, 
                    0.22068766135552564, 
                    0.0
                ], 
                "-": [
                    0.9978301430851504, 
                    1.541724136780987, 
                    1.2896221321270303, 
                    0.0
                ]
            }, 
            "m0s1": {
                "+": [
                    0.9979389405887842, 
                    9.65928460959885, 
                    4.21309345961763, 
                    0.0
                ], 
                "-": [
                    0.002061059411215875, 
                    2.8827334894208496, 
                    2.170137345014706, 
                    0.0
                ]
            }, 
            "m0s2": {
                "+": [
                    0.7962787466653987, 
                    12.061259023605496, 
                    0.012141475465237514, 
                    0.0
                ], 
                "-": [
                    0.20372125333460128, 
                    0.059551718867425614, 
                    0.678381890991336, 
                    0.0
                ]
            }, 
            "m0s3": {
                "+": [
                    0.19274751219380382, 
                    9.368926022805482, 
                    4.395026270272574, 
                    0.0
                ], 
                "-": [
                    0.8072524878061962, 
                    9.7021888747594, 
                    5.698326103012513, 
                    0.0
                ]
            }, 
            "m0s4": {
                "+": [
                    0.0012559103302213733, 
                    0.003481817235591799, 
                    0.01549645878591746, 
                    0.0
                ], 
                "-": [
                    0.9987440896697787, 
                    1.4008291739353904, 
                    0.9627450045175028, 
                    0.0
                ]
            }, 
            "m0s5": {
                "+": [
                    0.9955996633662096, 
                    2.430406535893799, 
                    3.0227100044790487, 
                    0.0
                ], 
                "-": [
                    0.004400336633790433, 
                    12.816978718820092, 
                    0.7841442442844685, 
                    0.0
                ]
            }, 
            "m0s6": {
                "+": [
                    0.006754233760557879, 
                    1.8718844360889115, 
                    0.015909580701466475, 
                    0.0
                ], 
                "-": [
                    0.9932457662394422, 
                    1.1532775745426995, 
                    0.3680608804549088, 
                    0.0
                ]
            }, 
            "m0s7": {
                "+": [
                    0.00180666250740435, 
                    1.0510899414443071, 
                    2.8608614512534913, 
                    0.0
                ], 
                "-": [
                    0.9981933374925956, 
                    9.261744074062769, 
                    5.085398391015946, 
                    0.0
                ]
            }, 
            "m0sEnd": {
                "F": [
                    1.0
                ]
            }, 
            "m1s0": {
                "+": [
                    0.9483949973331874, 
                    11.738121724621749, 
                    4.202376893384236, 
                    0.0
                ], 
                "-": [
                    0.051605002666812616, 
                    25.16059939202872, 
                    0.6641542691963644, 
                    0.0
                ]
            }, 
            "m1s1": {
                "+": [
                    0.16915098295226433, 
                    5.404622919817088, 
                    5.3272002249218495, 
                    0.0
                ], 
                "-": [
                    0.8308490170477356, 
                    12.411467491505125, 
                    2.1260683898102255, 
                    0.0
                ]
            }, 
            "m1s2": {
                "+": [
                    0.9776337913389627, 
                    0.7497726173522061, 
                    6.085275976837909, 
                    0.0
                ], 
                "-": [
                    0.022366208661037324, 
                    4.384512783855461, 
                    0.011472096806040184, 
                    0.0
                ]
            }, 
            "m1s3": {
                "+": [
                    0.9417899428653542, 
                    4.5332760979823545, 
                    5.142971164105509, 
                    0.0
                ], 
                "-": [
                    0.05821005713464584, 
                    1.050202251179102, 
                    0.01, 
                    0.0
                ]
            }, 
            "m1s4": {
                "+": [
                    0.9769265437280331, 
                    12.363256470372056, 
                    0.14522155306336995, 
                    0.0
                ], 
                "-": [
                    0.023073456271966865, 
                    1.932570393668416, 
                    1.4608696150755145, 
                    0.0
                ]
            }, 
            "m1s5": {
                "+": [
                    8.738180226749932e-05, 
                    1.2131309452424412, 
                    0.03219473979004559, 
                    0.0
                ], 
                "-": [
                    0.9999126181977325, 
                    1.3270320694422921, 
                    0.5177136257915048, 
                    0.0
                ]
            }, 
            "m1s6": {
                "+": [
                    0.06891786015212327, 
                    12.19113339156339, 
                    0.7000526784455585, 
                    0.0
                ], 
                "-": [
                    0.9310821398478768, 
                    7.784999841585853, 
                    3.14838677763716, 
                    0.0
                ]
            }, 
            "m1s7": {
                "+": [
                    0.01665921207549345, 
                    0.7121637137937074, 
                    0.08189289579306469, 
                    0.0
                ], 
                "-": [
                    0.9833407879245065, 
                    1.2865427631637913, 
                    0.5144690185175074, 
                    0.0
                ]
            }, 
            "m1sEnd": {
                "F": [
                    1.0
                ]
            }, 
            "m2s0": {
                "+": [
                    0.25053980951770544, 
                    2.8423511650570785, 
                    1.0518025300078602, 
                    0.0
                ], 
                "-": [
                    0.7494601904822946, 
                    0.5871169062118831, 
                    0.024380478065773915, 
                    0.0
                ]
            }, 
            "m2s1": {
                "+": [
                    2.3567247596749672e-05, 
                    4.421834415058739, 
                    1.5550601053286295, 
                    0.0
                ], 
                "-": [
                    0.9999764327524032, 
                    1.1631504768530594, 
                    0.6079810845450997, 
                    0.0
                ]
            }, 
            "m2s2": {
                "+": [
                    0.9999531184040897, 
                    1.2342394451176268, 
                    0.6441152189453608, 
                    0.0
                ],