{
    "packet_model": {
        "emission_probability": {
            "m0s0": {
                "+": [
                    0.0002785894161240923, 
                    0.5359041942117555, 
                    0.036335957669440706, 
                    0.0
                ], 
                "-": [
                    0.9997214105838759, 
                    1.1785984339281586, 
                    0.6314582685324395, 
                    0.0
                ]
            }, 
            "m0s1": {
                "+": [
                    0.9990964847245455, 
                    9.430771247430258, 
                    4.3532020341576585, 
                    0.0
                ], 
                "-": [
                    0.0009035152754545141, 
                    0.3603416861776062, 
                    0.28001716812683825, 
                    0.0
                ]
            }, 
            "m0s2": {
                "+": [
                    0.9044577090433825, 
                    2.321848016306292, 
                    1.0915417439693866, 
                    0.0
                ], 
                "-": [
                    0.09554229095661748, 
                    0.2143228634886142, 
                    0.44043798805146067, 
                    0.0
                ]
            }, 
            "m0s3": {
                "+": [
                    0.19210869362723043, 
                    8.542842097017562, 
                    4.307248482956373, 
                    0.0
                ], 
                "-": [
                    0.8078913063727696, 
                    9.433749654842309, 
                    5.488399558771731, 
                    0.0
                ]
            }, 
            "m0s4": {
                "+": [
                    0.0007476517070089211, 
                    0.10227653315293038, 
                    0.010687057348239683, 
                    0.0
                ], 
                "-": [
                    0.999252348292991, 
                    1.2233717545835248, 
                    0.542788798868298, 
                    0.0
                ]
            }, 
            "m0s5": {
                "+": [
                    0.9951265870737781, 
                    2.3575252521885317, 
                    2.959125395788762, 
                    0.0
                ], 
                "-": [
                    0.004873412926221972, 
                    10.030038446817489, 
                    4.486339875110838, 
                    0.0
                ]
            }, 
            "m0s6": {
                "+": [
                    0.0013687382880403231, 
                    2.0682356596342792, 
                    0.5055044929512557, 
                    0.0
                ], 
                "-": [
                    0.9986312617119597, 
                    1.1461874423674507, 
                    0.37334394080545785, 
                    0.0
                ]
            }, 
            "m0s7": {
                "+": [
                    0.0009275662834169261, 
                    2.759216747997014, 
                    1.7682984048246182, 
                    0.0
                ], 
                "-": [
                    0.999072433716583, 
                    8.291925722748989, 
                    4.051529838912867, 
                    0.0
                ]
            }, 
            "m0sEnd": {
                "F": [
                    1.0
                ]
            }, 
            "m1s0": {
                "+": [
                    0.935950535345737, 
                    10.797006277616333, 
                    5.3511730886140825, 
                    0.0
                ], 
                "-": [
                    0.06404946465426298, 
                    3.7256113414233742, 
                    5.254264010781787, 
                    0.0
                ]
            }, 
            "m1s1": {
                "+": [
                    0.17092179032258364, 
                    5.652944724265723, 
                    5.372559813130949, 
                    0.0
                ], 
                "-": [
                    0.8290782096774163, 
                    11.857361648732715, 
                    2.2059435158953753, 
                    0.0
                ]
            }, 
            "m1s2": {
                "+": [
                    0.5255516588353601, 
                    0.1358751089452077, 
                    3.6337119073526516, 
                    0.0
                ], 
                "-": [
                    0.47444834116463985, 
                    0.5516429516747113, 
                    0.010184012100755022, 
                    0.0
                ]
            }, 
            "m1s3": {
                "+": [
                    0.806073896613476, 
                    5.329096450455596, 
                    3.3955408650970904, 
                    0.0
                ], 
                "-": [
                    0.193926103386524, 
                    0.6029409830384711, 
                    0.7989947576972773, 
                    0.0
                ]
            }, 
            "m1s4": {
                "+": [
                    0.9821507348928356, 
                    11.867215255706682, 
                    1.3781157591902171, 
                    0.0
                ], 
                "-": [
                    0.017849265107164447, 
                    6.155012820666155, 
                    0.19135870188443932, 
                    0.0
                ]
            }, 
            "m1s5": {
                "+": [
                    0.004718228770494093, 
                    0.675392808149884, 
                    1.4970012046522752, 
                    0.0
                ], 
                "-": [
                    0.9952817712295059, 
                    1.5523948605124316, 
                    0.557792464041029, 
                    0.0
                ]
            }, 
            "m1s6": {
                "+": [
                    0.039626951737870376, 
                    12.91470448688864, 
                    0.09625658480569482, 
                    0.0
                ], 
                "-": [
                    0.9603730482621297, 
                    9.193237272750267, 
                    3.027885421062222, 
                    0.0
                ]
            }, 
            "m1s7": {
                "+": [
                    0.006412586094821225, 
                    0.23161803835990308, 
                    1.280491678942643, 
                    0.0
                ], 
                "-": [
                    0.9935874139051788, 
                    1.295285339804403, 
                    0.6581444859425107, 
                    0.0
                ]
            }, 
            "m1sEnd": {
                "F": [
                    1.0
                ]
            }, 
            "m2s0": {
                "+": [
                    0.60415332683454, 
                    0.3552938956321348, 
                    1.884572758578699, 
                    0.0
                ], 
                "-": [
                    0.39584667316546, 
                    0.6959367203339093, 
                    0.011797559758221738, 
                    0.0
                ]
            }, 
            "m2s1": {
                "+": [
                    2.9459059495937094e-06, 
                    0.5527293018823424, 
                    0.2031325131660787, 
                    0.0
                ], 
                "-": [
                    0.9999970540940504, 
                    1.1495754720805036, 
                    0.47940946680333807, 
                    0.0
                ]
            }, 
            "m2s2": {
                "+": [
                    0.9952210767906009, 
                    1.3533317494620491, 
                    0.14457305396219677, 
                    0.0
                ],