{
    "packet_model": {
        "emission_probability": {
            "m0s0": {
                "+": [
                    0.0034835458860367633, 
                    0.051847852837667484, 
                    0.4313753227110513, 
                    0.0
                ], 
                "-": [
                    0.9965164541139633, 
                    1.5613079749773369, 
                    1.3236454515429048, 
                    0.0
                ]
            }, 
            "m0s1": {
                "+": [
                    0.9974875299536993, 
                    9.601166738519833, 
                    4.288759108489901, 
                    0.0
                ], 
                "-": [
                    0.0025124700463007126, 
                    0.04194035527539296, 
                    4.3302746900294125, 
                    0.0
                ]
            }, 
            "m0s2": {
                "+": [
                    0.5925574933307974, 
                    21.65928359955767, 
                    0.01428295093047503, 
                    0.0
                ], 
                "-": [
                    0.40744250666920256, 
                    0.11910343773485123, 
                    1.3467637819826719, 
                    0.0
                ]
            }, 
            "m0s3": {
                "+": [
                    0.16925032790007338, 
                    9.726173990383355, 
                    4.624292511448072, 
                    0.0
                ], 
                "-": [
                    0.8307496720999267, 
                    9.844949788579289, 
                    5.804913922295352, 
                    0.0
                ]
            }, 
            "m0s4": {
                "+": [
                    0.002511820660442746, 
                    0.006963634471183598, 
                    0.020992917571834923, 
                    0.0
                ], 
                "-": [
                    0.9974881793395572, 
                    1.440554681621282, 
                    1.0847993280285542, 
                    0.0
                ]
            }, 
            "m0s5": {
                "+": [
                    0.9947603131346284, 
                    2.5006914284606596, 
                    3.0848590099521074, 
                    0.0
                ], 
                "-": [
                    0.005239686865371558, 
                    11.415549412678544, 
                    1.558288488568937, 
                    0.0
                ]
            }, 
            "m0s6": {
                "+": [
                    0.013508467521115758, 
                    3.743768872177823, 
                    0.02181916140293295, 
                    0.0
                ], 
                "-": [
                    0.9864915324788843, 
                    1.1524247334603754, 
                    0.2972942063924452, 
                    0.0
                ]
            }, 
            "m0s7": {
                "+": [
                    0.0028086063594126346, 
                    0.5310087909244855, 
                    5.711722902506983, 
                    0.0
                ], 
                "-": [
                    0.9971913936405874, 
                    9.300091195226809, 
                    5.179371804079101, 
                    0.0
                ]
            }, 
            "m0sEnd": {
                "F": [
                    1.0
                ]
            }, 
            "m1s0": {
                "+": [
                    0.9234001502458875, 
                    12.24319511178232, 
                    3.3245607966604744, 
                    0.0
                ], 
                "-": [
                    0.07659984975411249, 
                    11.403899035836785, 
                    1.3183085383927289, 
                    0.0
                ]
            }, 
            "m1s1": {
                "+": [
                    0.12264814942867472, 
                    5.831797684940486, 
                    5.210708094182786, 
                    0.0
                ], 
                "-": [
                    0.8773518505713253, 
                    12.378285828584897, 
                    2.1310248934264457, 
                    0.0
                ]
            }, 
            "m1s2": {
                "+": [
                    0.9552675826779253, 
                    1.4995452347044123, 
                    0.6536147966954244, 
                    0.0
                ], 
                "-": [
                    0.04473241732207465, 
                    8.769025567710923, 
                    0.012944193612080365, 
                    0.0
                ]
            }, 
            "m1s3": {
                "+": [
                    0.9840040696145151, 
                    3.745186952556943, 
                    4.936612988220717, 
                    0.0
                ], 
                "-": [
                    0.015995930385484896, 
                    2.100404502358204, 
                    0.01, 
                    0.0
                ]
            }, 
            "m1s4": {
                "+": [
                    0.9932709800054623, 
                    12.054129972967305, 
                    0.2804431061267399, 
                    0.0
                ], 
                "-": [
                    0.0067290199945376755, 
                    3.865140787336832, 
                    0.11176258873549383, 
                    0.0
                ]
            }, 
            "m1s5": {
                "+": [
                    0.00017476360453499865, 
                    2.4262618904848825, 
                    0.05438947958009118, 
                    0.0
                ], 
                "-": [
                    0.9998252363954651, 
                    1.2690890206828604, 
                    0.4979900289399, 
                    0.0
                ]
            }, 
            "m1s6": {
                "+": [
                    0.062188696013439355, 
                    11.732605450463735, 
                    1.390105356891117, 
                    0.0
                ], 
                "-": [
                    0.9378113039865607, 
                    7.569386806986627, 
                    3.1651283706941244, 
                    0.0
                ]
            }, 
            "m1s7": {
                "+": [
                    0.03062143037572028, 
                    1.4243274275874147, 
                    0.15378579158612937, 
                    0.0
                ], 
                "-": [
                    0.9693785696242797, 
                    1.26523803512239, 
                    0.5107416300589547, 
                    0.0
                ]
            }, 
            "m1sEnd": {
                "F": [
                    1.0
                ]
            }, 
            "m2s0": {
                "+": [
                    0.5010796190354109, 
                    5.684702330114157, 
                    2.0936050600157206, 
                    0.0
                ], 
                "-": [
                    0.4989203809645891, 
                    0.5822691699342099, 
                    0.03876095613154783, 
                    0.0
                ]
            }, 
            "m2s1": {
                "+": [
                    3.685138989879061e-05, 
                    1.5989728616077235, 
                    3.100120210657259, 
                    0.0
                ], 
                "-": [
                    0.9999631486101013, 
                    1.2178556790559212, 
                    0.7759091510327616, 
                    0.0
                ]
            }, 
            "m2s2": {
                "+": [
                    0.9999062368081795, 
                    1.244514804105052, 
                    0.7565704611459563, 
                    0.0
                ],