{
    "packet_model": {
        "emission_probability": {
            "m0s0": {
                "+": [
                    0.006213011294865305, 
                    0.10369570567533497, 
                    0.8527506454221025, 
                    0.0
                ], 
                "-": [
                    0.9937869887051347, 
                    1.595100927417874, 
                    1.3697864486147626, 
                    0.0
                ]
            }, 
            "m0s1": {
                "+": [
                    0.9956066682627499, 
                    9.623142119029335, 
                    4.37560530555474, 
                    0.0
                ], 
                "-": [
                    0.004393331737250103, 
                    0.08388071055078591, 
                    0.7895435126828078, 
                    0.0
                ]
            }, 
            "m0s2": {
                "+": [
                    0.7523599527371294, 
                    41.43976645967743, 
                    0.01856590186095006, 
                    0.0
                ], 
                "-": [
                    0.24764004726287067, 
                    0.23820687546970246, 
                    0.01358748136061906, 
                    0.0
                ]
            }, 
            "m0s3": {
                "+": [
                    0.11938135906403777, 
                    10.170896597247847, 
                    5.482964574008825, 
                    0.0
                ], 
                "-": [
                    0.8806186409359622, 
                    9.96740089465556, 
                    5.839552966419182, 
                    0.0
                ]
            }, 
            "m0s4": {
                "+": [
                    0.005023641320885492, 
                    0.013927268942367196, 
                    0.031985835143669844, 
                    0.0
                ], 
                "-": [
                    0.9949763586791145, 
                    1.5175579212676378, 
                    1.231469697218162, 
                    0.0
                ]
            }, 
            "m0s5": {
                "+": [
                    0.9936559077160801, 
                    2.621805416482624, 
                    3.214928658984829, 
                    0.0
                ], 
                "-": [
                    0.006344092283919848, 
                    10.559438486163987, 
                    3.106576977137874, 
                    0.0
                ]
            }, 
            "m0s6": {
                "+": [
                    0.020913136269717837, 
                    0.22154300960804132, 
                    0.0336383228058659, 
                    0.0
                ], 
                "-": [
                    0.9790868637302822, 
                    1.1332999653560556, 
                    0.5845884127848904, 
                    0.0
                ]
            }, 
            "m0s7": {
                "+": [
                    0.0006649008910520013, 
                    0.037326223824279595, 
                    10.273807384201369, 
                    0.0
                ], 
                "-": [
                    0.999335099108948, 
                    9.311045934170643, 
                    5.373162534594355, 
                    0.0
                ]
            }, 
            "m0sEnd": {
                "F": [
                    1.0
                ]
            }, 
            "m1s0": {
                "+": [
                    0.9517705635266089, 
                    12.225557370394807, 
                    3.0797774543695597, 
                    0.0
                ], 
                "-": [
                    0.048229436473391146, 
                    11.048965122437838, 
                    2.626617076785458, 
                    0.0
                ]
            }, 
            "m1s1": {
                "+": [
                    0.09579271759115647, 
                    6.324940206401235, 
                    5.258394418868489, 
                    0.0
                ], 
                "-": [
                    0.9042072824088435, 
                    12.19609460622516, 
                    2.403888371716783, 
                    0.0
                ]
            }, 
            "m1s2": {
                "+": [
                    0.9105351653558507, 
                    0.2905123194662364, 
                    1.2972295933908489, 
                    0.0
                ], 
                "-": [
                    0.0894648346441493, 
                    17.538051135421846, 
                    0.01588838722416073, 
                    0.0
                ]
            }, 
            "m1s3": {
                "+": [
                    0.9680081392290303, 
                    3.280686110896923, 
                    5.522546288804109, 
                    0.0
                ], 
                "-": [
                    0.03199186077096979, 
                    4.200809004716408, 
                    0.01, 
                    0.0
                ]
            }, 
            "m1s4": {
                "+": [
                    0.9924068485521946, 
                    11.932681400319654, 
                    0.5508862122534798, 
                    0.0
                ], 
                "-": [
                    0.00759315144780537, 
                    0.6843608830823051, 
                    0.21352517747098765, 
                    0.0
                ]
            }, 
            "m1s5": {
                "+": [
                    2.598939717672766e-05, 
                    1.853426912093115, 
                    0.09877895916018237, 
                    0.0
                ], 
                "-": [
                    0.9999740106028233, 
                    1.2396430414884834, 
                    0.4939921388447245, 
                    0.0
                ]
            }, 
            "m1s6": {
                "+": [
                    0.0654609801114439, 
                    11.663742259151562, 
                    1.6050625364851585, 
                    0.0
                ], 
                "-": [
                    0.9345390198885561, 
                    7.524802243097711, 
                    3.1800900555876392, 
                    0.0
                ]
            }, 
            "m1s7": {
                "+": [
                    0.03889652381796059, 
                    1.0842860029593981, 
                    0.29757158317225874, 
                    0.0
                ], 
                "-": [
                    0.9611034761820394, 
                    1.240015570445576, 
                    0.49937116023425165, 
                    0.0
                ]
            }, 
            "m1sEnd": {
                "F": [
                    1.0
                ]
            }, 
            "m2s0": {
                "+": [
                    0.0021592380708216905, 
                    11.369404660228314, 
                    4.177210120031441, 
                    0.0
                ], 
                "-": [
                    0.9978407619291783, 
                    1.1645383398684197, 
                    0.06752191226309566, 
                    0.0
                ]
            }, 
            "m2s1": {
                "+": [
                    4.764401843280021e-05, 
                    0.2679036144244937, 
                    2.888138520684556, 
                    0.0
                ], 
                "-": [
                    0.9999523559815672, 
                    1.2903118718155402, 
                    0.9698286086995067, 
                    0.0
                ]
            }, 
            "m2s2": {
                "+": [
                    0.9998598378615013, 
                    1.2796690350012874, 
                    0.8257458419940251, 
                    0.0
                ],