{
  "0": {
    "0": 0.0, 
    "1": 0.9004904185826212, 
    "2": 0.9608528546900594, 
    "3": 0.14177488109569578, 
    "4": 0.031956148487300426, 
    "5": 0.026674527836435043, 
    "6": 0.02219464782617276, 
    "7": 0.0263538315801938, 
    "8": 0.00767697499555959, 
    "9": 0.006339918296461487, 
    "10": 0.006095695762862387, 
    "11": 0.003209429456691204, 
    "12": 0.005039865011545065, 
    "13": 0.00592548005762665, 
    "14": 0.027794497839000613
  }, 
  "1": {
    "0": 0.09950958141737877, 
    "1": 0.0, 
    "2": 0.8956010341220817, 
    "3": 0.04717935308164433, 
    "4": 0.016631801227526593, 
    "5": 0.01732993230842099, 
    "6": 0.015114661246077639, 
    "7": 0.016429515896666733, 
    "8": 0.008138284225691223, 
    "9": 0.007445086933354384, 
    "10": 0.007652306052771803, 
    "11": 0.006589074618618145, 
    "12": 0.008611927927216751, 
    "13": 0.008730338852598133, 
    "14": 0.013229954017090644
  }, 
  "2": {
    "0": 0.039147145309940595, 
    "1": 0.10439896587791833, 
    "2": 0.0, 
    "3": 0.0059674172603658895, 
    "4": 0.005279153756586608, 
    "5": 0.0055727141757612834, 
    "6": 0.005165676619762784, 
    "7": 0.004832645892127647, 
    "8": 0.002439758441712222, 
    "9": 0.002262142053640149, 
    "10": 0.0022004696966706795, 
    "11": 0.0020573898285015098, 
    "12": 0.002730851966608119, 
    "13": 0.0028097925835290404, 
    "14": 0.0031304888397702827
  }, 
  "3": {
    "0": 0.8582251189043042, 
    "1": 0.9528206469183557, 
    "2": 0.9940325827396341, 
    "3": 0.0, 
    "4": 0.013077006571806358, 
    "5": 0.023206074480472065, 
    "6": 0.03165272049101064, 
    "7": 0.09049554972272109, 
    "8": 0.04970791971739259, 
    "9": 0.04390825126798366, 
    "10": 0.0422406307355292, 
    "11": 0.028527165439797914, 
    "12": 0.03410481340411675, 
    "13": 0.030562353219790412, 
    "14": 0.04690552781669989
  }, 
  "4": {
    "0": 0.9680438515126996, 
    "1": 0.9833681987724734, 
    "2": 0.9947208462434134, 
    "3": 0.9869229934281937, 
    "4": 0.0, 
    "5": 0.08662992638787471, 
    "6": 0.12608049969410512, 
    "7": 0.6642162183497464, 
    "8": 0.17976258609461032, 
    "9": 0.1488524007815121, 
    "10": 0.18623571668212588, 
    "11": 0.15667738943379841, 
    "12": 0.688396716070336, 
    "13": 0.8066744291606639, 
    "14": 0.8841398433028754
  }, 
  "5": {
    "0": 0.9733254721635649, 
    "1": 0.982670067691579, 
    "2": 0.9944272858242387, 
    "3": 0.9767939255195279, 
    "4": 0.9133700736121253, 
    "5": 0.0, 
    "6": 0.28899173097037756, 
    "7": 0.8407743087762231, 
    "8": 0.23889650885121666, 
    "9": 0.25306881648280083, 
    "10": 0.27994809654437447, 
    "11": 0.6163856051785045, 
    "12": 0.8824080835191727, 
    "13": 0.8824056166248939, 
    "14": 0.9141964831955162
  }, 
  "6": {
    "0": 0.9778053521738272, 
    "1": 0.9848853387539224, 
    "2": 0.9948343233802373, 
    "3": 0.9683472795089894, 
    "4": 0.8739195003058949, 
    "5": 0.7110082690296224, 
    "6": 0.0, 
    "7": 0.8582695230013223, 
    "8": 0.3291675711945689, 
    "9": 0.2010025458348957, 
    "10": 0.27403741785242053, 
    "11": 0.5988706557991751, 
    "12": 0.8822082650825916, 
    "13": 0.8892857847684079, 
    "14": 0.9135649582601488
  }, 
  "7": {
    "0": 0.9736461684198062, 
    "1": 0.9835704841033333, 
    "2": 0.9951673541078724, 
    "3": 0.9095044502772789, 
    "4": 0.3357837816502536, 
    "5": 0.15922569122377692, 
    "6": 0.14173047699867775, 
    "7": 0.0, 
    "8": 0.11372382625170216, 
    "9": 0.15436837638886147, 
    "10": 0.2161566773894338, 
    "11": 0.21796244400149986, 
    "12": 0.6634194114977009, 
    "13": 0.7479352094886621, 
    "14": 0.8062057192476959
  }, 
  "8": {
    "0": 0.9923230250044404, 
    "1": 0.9918617157743088, 
    "2": 0.9975602415582878, 
    "3": 0.9502920802826074, 
    "4": 0.8202374139053896, 
    "5": 0.7611034911487833, 
    "6": 0.6708324288054311, 
    "7": 0.8862761737482978, 
    "8": 0.0, 
    "9": 0.3415365791083657, 
    "10": 0.7023248011683211, 
    "11": 0.7063606402084033, 
    "12": 0.8705201199897378, 
    "13": 0.8744967535671291, 
    "14": 0.8928652483669159
  }, 
  "9": {
    "0": 0.9936600817035385, 
    "1": 0.9925549130666456, 
    "2": 0.9977378579463598, 
    "3": 0.9560917487320163, 
    "4": 0.8511475992184879, 
    "5": 0.7469311835171992, 
    "6": 0.7989974541651043, 
    "7": 0.8456316236111385, 
    "8": 0.6584634208916342, 
    "9": 0.0, 
    "10": 0.7335260800063153, 
    "11": 0.8277565076671074, 
    "12": 0.8856569832843244, 
    "13": 0.8903958871938584, 
    "14": 0.9050073020070651
  }, 
  "10": {
    "0": 0.9939043042371376, 
    "1": 0.9923476939472282, 
    "2": 0.9977995303033294, 
    "3": 0.9577593692644708, 
    "4": 0.8137642833178741, 
    "5": 0.7200519034556255, 
    "6": 0.7259625821475795, 
    "7": 0.7838433226105662, 
    "8": 0.29767519883167887, 
    "9": 0.26647391999368475, 
    "10": 0.0, 
    "11": 0.7447060448777407, 
    "12": 0.8878303171439285, 
    "13": 0.8876033628702809, 
    "14": 0.9016054547966292
  }, 
  "11": {
    "0": 0.9967905705433088, 
    "1": 0.9934109253813819, 
    "2": 0.9979426101714985, 
    "3": 0.9714728345602021, 
    "4": 0.8433226105662016, 
    "5": 0.3836143948214955, 
    "6": 0.4011293442008249, 
    "7": 0.7820375559985001, 
    "8": 0.2936393597915968, 
    "9": 0.17224349233289257, 
    "10": 0.2552939551222593, 
    "11": 0.0, 
    "12": 0.9149513528448224, 
    "13": 0.8984798997454165, 
    "14": 0.9040304118726687
  }, 
  "12": {
    "0": 0.9949601349884549, 
    "1": 0.9913880720727832, 
    "2": 0.9972691480333918, 
    "3": 0.9658951865958832, 
    "4": 0.3116032839296639, 
    "5": 0.1175919164808273, 
    "6": 0.11779173491740838, 
    "7": 0.33658058850229916, 
    "8": 0.12947988001026228, 
    "9": 0.11434301671567564, 
    "10": 0.11216968285607153, 
    "11": 0.08504864715517751, 
    "12": 0.0, 
    "13": 0.8412356180063547, 
    "14": 0.8800176629630361
  }, 
  "13": {
    "0": 0.9940745199423734, 
    "1": 0.9912696611474019, 
    "2": 0.9971902074164709, 
    "3": 0.9694376467802096, 
    "4": 0.1933255708393361, 
    "5": 0.11759438337510608, 
    "6": 0.11071421523159203, 
    "7": 0.25206479051133784, 
    "8": 0.12550324643287086, 
    "9": 0.10960411280614157, 
    "10": 0.11239663712971917, 
    "11": 0.1015201002545835, 
    "12": 0.1587643819936453, 
    "13": 0.0, 
    "14": 0.8980136567267273
  }, 
  "14": {
    "0": 0.9722055021609994, 
    "1": 0.9867700459829094, 
    "2": 0.9968695111602297, 
    "3": 0.9530944721833001, 
    "4": 0.11586015669712459, 
    "5": 0.08580351680448382, 
    "6": 0.0864350417398512, 
    "7": 0.19379428075230407, 
    "8": 0.10713475163308402, 
    "9": 0.09499269799293482, 
    "10": 0.09839454520337076, 
    "11": 0.09596958812733121, 
    "12": 0.11998233703696394, 
    "13": 0.10198634327327268, 
    "14": 0.0
  }
}